,Zip Code,County
7,20108,Manassas city
9,20110,Manassas city
12,20113,Manassas Park city
89,22030,Fairfax city
97,22038,Fairfax city
99,22040,Falls Church city
104,22046,Falls Church city
188,22301,Alexandria city
189,22302,Alexandria city
191,22304,Alexandria city
192,22305,Alexandria city
198,22311,Alexandria city
200,22313,Alexandria city
201,22314,Alexandria city
203,22320,Alexandria city
205,22331,Alexandria city
206,22332,Alexandria city
207,22333,Alexandria city
208,22334,Alexandria city
209,22336,Alexandria city
210,22401,Fredericksburg city
211,22402,Fredericksburg city
213,22404,Fredericksburg city
291,22601,Winchester city
294,22604,Winchester city
363,22801,Harrisonburg city
364,22802,Harrisonburg city
365,22803,Harrisonburg city
366,22807,Harrisonburg city
395,22902,Charlottesville city
396,22903,Charlottesville city
397,22904,Charlottesville city
398,22905,Charlottesville city
399,22906,Charlottesville city
400,22907,Charlottesville city
401,22908,Charlottesville city
403,22910,Charlottesville city
440,22980,Waynesboro city
459,23030,Charles city
490,23081,James city
522,23127,James city
532,23147,Charles city
544,23168,James city
547,23173,Richmond city
556,23185,James city
557,23186,Williamsburg city
558,23187,Williamsburg city
559,23188,James city
562,23218,Richmond city
563,23219,Richmond city
564,23220,Richmond city
565,23221,Richmond city
566,23222,Richmond city
567,23223,Richmond city
568,23224,Richmond city
569,23225,Richmond city
576,23232,Richmond city
583,23240,Richmond city
584,23241,Richmond city
586,23249,Richmond city
589,23260,Richmond city
590,23261,Richmond city
591,23269,Richmond city
592,23273,Richmond city
593,23274,Richmond city
594,23276,Richmond city
595,23278,Richmond city
596,23279,Richmond city
597,23282,Richmond city
598,23284,Richmond city
599,23285,Richmond city
600,23286,Richmond city
602,23289,Richmond city
603,23290,Richmond city
604,23291,Richmond city
605,23292,Richmond city
606,23293,Richmond city
608,23295,Richmond city
610,23298,Richmond city
623,23320,Chesapeake city
624,23321,Chesapeake city
625,23322,Chesapeake city
626,23323,Chesapeake city
627,23324,Chesapeake city
628,23325,Chesapeake city
629,23326,Chesapeake city
630,23327,Chesapeake city
631,23328,Chesapeake city
674,23432,Suffolk city
675,23433,Suffolk city
676,23434,Suffolk city
677,23435,Suffolk city
678,23436,Suffolk city
679,23437,Suffolk city
680,23438,Suffolk city
681,23439,Suffolk city
686,23450,Virginia Beach city
687,23451,Virginia Beach city
688,23452,Virginia Beach city
689,23453,Virginia Beach city
690,23454,Virginia Beach city
691,23455,Virginia Beach city
692,23456,Virginia Beach city
693,23457,Virginia Beach city
694,23458,Virginia Beach city
695,23459,Virginia Beach city
696,23460,Virginia Beach city
697,23461,Virginia Beach city
698,23462,Virginia Beach city
699,23463,Virginia Beach city
700,23464,Virginia Beach city
701,23465,Virginia Beach city
702,23466,Virginia Beach city
703,23467,Virginia Beach city
704,23471,Virginia Beach city
705,23479,Virginia Beach city
712,23501,Norfolk city
713,23502,Norfolk city
714,23503,Norfolk city
715,23504,Norfolk city
716,23505,Norfolk city
717,23506,Norfolk city
718,23507,Norfolk city
719,23508,Norfolk city
720,23509,Norfolk city
721,23510,Norfolk city
722,23511,Norfolk city
723,23512,Norfolk city
724,23513,Norfolk city
725,23514,Norfolk city
726,23515,Norfolk city
727,23517,Norfolk city
728,23518,Norfolk city
729,23519,Norfolk city
730,23520,Norfolk city
731,23521,Norfolk city
732,23523,Norfolk city
733,23529,Norfolk city
734,23541,Norfolk city
735,23551,Norfolk city
736,23601,Newport News city
737,23602,Newport News city
738,23603,Newport News city
739,23604,Newport News city
740,23605,Newport News city
741,23606,Newport News city
742,23607,Newport News city
743,23608,Newport News city
744,23609,Newport News city
745,23612,Newport News city
746,23628,Newport News city
747,23630,Hampton city
748,23651,Hampton city
749,23661,Hampton city
750,23662,Poquoson city
751,23663,Hampton city
752,23664,Hampton city
754,23666,Hampton city
755,23667,Hampton city
756,23668,Hampton city
757,23669,Hampton city
758,23670,Hampton city
759,23681,Hampton city
766,23701,Portsmouth city
767,23702,Portsmouth city
768,23703,Portsmouth city
769,23704,Portsmouth city
770,23705,Portsmouth city
771,23707,Portsmouth city
772,23708,Portsmouth city
773,23709,Portsmouth city
775,23803,Petersburg city
776,23804,Petersburg city
777,23805,Petersburg city
778,23806,Petersburg city
790,23834,Colonial Heights city
804,23851,Franklin city
807,23860,Hopewell city
872,24001,Roanoke city
873,24002,Roanoke city
874,24003,Roanoke city
875,24004,Roanoke city
876,24005,Roanoke city
877,24006,Roanoke city
878,24007,Roanoke city
879,24008,Roanoke city
880,24009,Roanoke city
881,24010,Roanoke city
882,24011,Roanoke city
883,24012,Roanoke city
884,24013,Roanoke city
885,24014,Roanoke city
886,24015,Roanoke city
887,24016,Roanoke city
888,24017,Roanoke city
892,24022,Roanoke city
893,24023,Roanoke city
894,24024,Roanoke city
895,24025,Roanoke city
896,24026,Roanoke city
897,24027,Roanoke city
898,24028,Roanoke city
899,24029,Roanoke city
900,24030,Roanoke city
901,24031,Roanoke city
902,24032,Roanoke city
903,24033,Roanoke city
904,24034,Roanoke city
905,24035,Roanoke city
906,24036,Roanoke city
907,24037,Roanoke city
908,24038,Roanoke city
909,24040,Roanoke city
910,24042,Roanoke city
911,24043,Roanoke city
912,24044,Roanoke city
913,24045,Roanoke city
914,24048,Roanoke city
956,24112,Martinsville city
957,24113,Martinsville city
958,24114,Martinsville city
959,24115,Martinsville city
1042,24273,Norton city
1070,24333,Galax city
1092,24401,Staunton city
1093,24402,Staunton city
1098,24416,Buena Vista city
1101,24426,Covington city
1115,24450,Lexington city
1139,24501,Lynchburg city
1140,24502,Lynchburg city
1141,24503,Lynchburg city
1142,24504,Lynchburg city
1143,24505,Lynchburg city
1144,24506,Lynchburg city
1145,24512,Lynchburg city
1146,24513,Lynchburg city
1147,24514,Lynchburg city
1148,24515,Lynchburg city
1166,24540,Danville city
1167,24541,Danville city
1168,24543,Danville city
1169,24544,Danville city
0,20101,Loudoun County
1,20102,Loudoun County
2,20103,Loudoun County
3,20104,Loudoun County
4,20105,Loudoun County
5,20106,Culpeper County
6,20107,Loudoun County
8,20109,Prince William County
10,20111,Prince William County
11,20112,Prince William County
13,20115,Fauquier County
14,20116,Fauquier County
15,20117,Loudoun County
16,20118,Loudoun County
17,20119,Fauquier County
18,20120,Fairfax County
19,20121,Fairfax County
20,20122,Fairfax County
21,20124,Fairfax County
22,20128,Fauquier County
23,20129,Loudoun County
24,20130,Clarke County
25,20131,Loudoun County
26,20132,Loudoun County
27,20134,Loudoun County
28,20135,Clarke County
29,20136,Prince William County
30,20137,Fauquier County
31,20138,Fauquier County
32,20139,Fauquier County
33,20140,Fauquier County
34,20141,Loudoun County
35,20142,Loudoun County
36,20143,Prince William County
37,20144,Fauquier County
38,20146,Loudoun County
39,20147,Loudoun County
40,20148,Loudoun County
41,20149,Loudoun County
42,20151,Fairfax County
43,20152,Loudoun County
44,20153,Fairfax County
45,20155,Prince William County
46,20156,Prince William County
47,20158,Loudoun County
48,20159,Loudoun County
49,20160,Loudoun County
50,20163,Loudoun County
51,20164,Loudoun County
52,20165,Loudoun County
53,20166,Loudoun County
54,20167,Loudoun County
55,20168,Prince William County
56,20169,Prince William County
57,20170,Fairfax County
58,20171,Fairfax County
59,20172,Fairfax County
60,20175,Loudoun County
61,20176,Loudoun County
62,20177,Loudoun County
63,20178,Loudoun County
64,20180,Loudoun County
65,20181,Prince William County
66,20182,Prince William County
67,20184,Fauquier County
68,20185,Fauquier County
69,20186,Fauquier County
70,20187,Fauquier County
71,20188,Fauquier County
72,20189,Loudoun County
73,20190,Fairfax County
74,20191,Fairfax County
75,20192,Fairfax County
76,20193,Fairfax County
77,20194,Fairfax County
78,20195,Fairfax County
79,20196,Fairfax County
80,20197,Loudoun County
81,20198,Fauquier County
82,20199,Loudoun County
83,22003,Fairfax County
84,22009,Fairfax County
85,22015,Fairfax County
86,22025,Prince William County
87,22026,Prince William County
88,22027,Fairfax County
90,22031,Fairfax County
91,22032,Fairfax County
92,22033,Fairfax County
93,22034,Fairfax County
94,22035,Fairfax County
95,22036,Fairfax County
96,22037,Fairfax County
98,22039,Fairfax County
100,22041,Fairfax County
101,22042,Fairfax County
102,22043,Fairfax County
103,22044,Fairfax County
105,22047,Fairfax County
106,22060,Fairfax County
107,22066,Fairfax County
108,22067,Fairfax County
109,22079,Fairfax County
110,22081,Fairfax County
111,22082,Fairfax County
112,22092,Fairfax County
113,22093,Loudoun County
114,22095,Fairfax County
115,22096,Fairfax County
116,22101,Fairfax County
117,22102,Fairfax County
118,22103,Fairfax County
119,22106,Fairfax County
120,22107,Fairfax County
121,22108,Fairfax County
122,22109,Fairfax County
123,22116,Fairfax County
124,22118,Fairfax County
125,22119,Fairfax County
126,22120,Fairfax County
127,22121,Fairfax County
128,22122,Fairfax County
129,22124,Fairfax County
130,22125,Prince William County
131,22134,Prince William County
132,22135,Stafford County
133,22150,Fairfax County
134,22151,Fairfax County
135,22152,Fairfax County
136,22153,Fairfax County
137,22156,Fairfax County
138,22158,Fairfax County
139,22159,Fairfax County
140,22160,Fairfax County
141,22161,Fairfax County
142,22172,Prince William County
143,22180,Fairfax County
144,22181,Fairfax County
145,22182,Fairfax County
146,22183,Fairfax County
147,22184,Fairfax County
148,22185,Fairfax County
149,22191,Prince William County
150,22192,Prince William County
151,22193,Prince William County
152,22194,Prince William County
153,22195,Prince William County
154,22199,Fairfax County
155,22201,Arlington County
156,22202,Arlington County
157,22203,Arlington County
158,22204,Arlington County
159,22205,Arlington County
160,22206,Arlington County
161,22207,Arlington County
162,22209,Arlington County
163,22210,Arlington County
164,22211,Arlington County
165,22212,Arlington County
166,22213,Arlington County
167,22214,Arlington County
168,22215,Arlington County
169,22216,Arlington County
170,22217,Arlington County
171,22218,Arlington County
172,22219,Arlington County
173,22222,Arlington County
174,22223,Arlington County
175,22225,Arlington County
176,22226,Arlington County
177,22227,Arlington County
178,22229,Arlington County
179,22230,Arlington County
180,22234,Arlington County
181,22240,Arlington County
182,22241,Arlington County
183,22242,Arlington County
184,22243,Arlington County
185,22244,Arlington County
186,22245,Arlington County
187,22246,Arlington County
190,22303,Fairfax County
193,22306,Fairfax County
194,22307,Fairfax County
195,22308,Fairfax County
196,22309,Fairfax County
197,22310,Fairfax County
199,22312,Fairfax County
202,22315,Fairfax County
204,22321,Fairfax County
212,22403,Stafford County
214,22405,Stafford County
215,22406,Stafford County
216,22407,Spotsylvania County
217,22408,Spotsylvania County
218,22412,Stafford County
219,22427,Caroline County
220,22428,Caroline County
221,22430,Stafford County
222,22432,Northumberland County
223,22433,Orange County
224,22435,Northumberland County
225,22436,Essex County
226,22437,Essex County
227,22438,Essex County
228,22442,Westmoreland County
229,22443,Westmoreland County
230,22446,Caroline County
231,22448,King George County
232,22451,King George County
233,22454,Essex County
234,22456,Northumberland County
235,22460,Richmond County
236,22463,Stafford County
237,22469,Westmoreland County
238,22471,Stafford County
239,22472,Richmond County
240,22473,Northumberland County
241,22476,Essex County
242,22480,Lancaster County
243,22481,King George County
244,22482,Lancaster County
245,22485,King George County
246,22488,Westmoreland County
247,22501,Caroline County
248,22503,Lancaster County
249,22504,Essex County
250,22507,Lancaster County
251,22508,Orange County
252,22509,Essex County
253,22511,Northumberland County
254,22513,Lancaster County
255,22514,Caroline County
256,22517,Lancaster County
257,22520,Westmoreland County
258,22523,Lancaster County
259,22524,Westmoreland County
260,22526,King George County
261,22528,Lancaster County
262,22529,Westmoreland County
263,22530,Northumberland County
264,22534,Spotsylvania County
265,22535,Caroline County
266,22538,Caroline County
267,22539,Northumberland County
268,22542,Orange County
269,22544,King George County
270,22545,Stafford County
271,22546,Caroline County
272,22547,King George County
273,22548,Richmond County
274,22552,Caroline County
275,22553,Spotsylvania County
276,22554,Stafford County
277,22555,Stafford County
278,22556,Stafford County
279,22558,Westmoreland County
280,22560,Essex County
281,22565,Spotsylvania County
282,22567,Orange County
283,22570,Richmond County
284,22572,Richmond County
285,22576,Lancaster County
286,22577,Westmoreland County
287,22578,Lancaster County
288,22579,Northumberland County
289,22580,Caroline County
290,22581,Westmoreland County
292,22602,Frederick County
293,22603,Frederick County
295,22610,Warren County
296,22611,Clarke County
297,22620,Clarke County
298,22622,Frederick County
299,22623,Rappahannock County
300,22624,Frederick County
301,22625,Frederick County
302,22626,Shenandoah County
303,22627,Rappahannock County
304,22630,Warren County
305,22637,Frederick County
306,22638,Frederick County
307,22639,Fauquier County
308,22640,Rappahannock County
309,22641,Shenandoah County
310,22642,Warren County
311,22643,Fauquier County
312,22644,Shenandoah County
313,22645,Frederick County
314,22646,Clarke County
315,22649,Warren County
316,22650,Page County
317,22652,Shenandoah County
318,22654,Frederick County
319,22655,Frederick County
320,22656,Frederick County
321,22657,Shenandoah County
322,22660,Shenandoah County
323,22663,Clarke County
324,22664,Shenandoah County
325,22701,Culpeper County
326,22709,Madison County
327,22711,Madison County
328,22712,Fauquier County
329,22713,Culpeper County
330,22714,Culpeper County
331,22715,Madison County
332,22716,Rappahannock County
333,22718,Culpeper County
334,22719,Madison County
335,22720,Fauquier County
336,22721,Madison County
337,22722,Madison County
338,22723,Madison County
339,22724,Culpeper County
340,22725,Madison County
341,22726,Culpeper County
342,22727,Madison County
343,22728,Fauquier County
344,22729,Culpeper County
345,22730,Madison County
346,22731,Madison County
347,22732,Madison County
348,22733,Culpeper County
349,22734,Fauquier County
350,22735,Madison County
351,22736,Culpeper County
352,22737,Culpeper County
353,22738,Madison County
354,22739,Fauquier County
355,22740,Rappahannock County
356,22741,Culpeper County
357,22742,Fauquier County
358,22743,Madison County
359,22746,Culpeper County
360,22747,Rappahannock County
361,22748,Madison County
362,22749,Rappahannock County
367,22810,Shenandoah County
368,22811,Rockingham County
369,22812,Rockingham County
370,22815,Rockingham County
371,22820,Rockingham County
372,22821,Rockingham County
373,22824,Shenandoah County
374,22827,Rockingham County
375,22830,Rockingham County
376,22831,Rockingham County
377,22832,Rockingham County
378,22833,Rockingham County
379,22834,Rockingham County
380,22835,Page County
381,22840,Rockingham County
382,22841,Rockingham County
383,22842,Shenandoah County
384,22843,Augusta County
385,22844,Shenandoah County
386,22845,Shenandoah County
387,22846,Rockingham County
388,22847,Shenandoah County
389,22848,Rockingham County
390,22849,Page County
391,22850,Rockingham County
392,22851,Page County
393,22853,Rockingham County
394,22901,Albemarle County
402,22909,Albemarle County
404,22911,Albemarle County
405,22920,Nelson County
406,22922,Nelson County
407,22923,Orange County
408,22924,Albemarle County
409,22931,Albemarle County
410,22932,Albemarle County
411,22935,Greene County
412,22936,Albemarle County
413,22937,Albemarle County
414,22938,Nelson County
415,22939,Augusta County
416,22940,Albemarle County
417,22942,Orange County
418,22943,Albemarle County
419,22945,Albemarle County
420,22946,Albemarle County
421,22947,Albemarle County
422,22948,Madison County
423,22949,Nelson County
424,22952,Augusta County
425,22957,Orange County
426,22958,Nelson County
427,22959,Albemarle County
428,22960,Orange County
429,22963,Fluvanna County
430,22964,Nelson County
431,22965,Greene County
432,22967,Nelson County
433,22968,Greene County
434,22969,Nelson County
435,22971,Nelson County
436,22972,Orange County
437,22973,Greene County
438,22974,Fluvanna County
439,22976,Nelson County
441,22987,Albemarle County
442,22989,Madison County
443,23001,Gloucester County
444,23002,Amelia County
445,23003,Gloucester County
446,23004,Buckingham County
447,23005,Hanover County
448,23009,King William County
449,23011,New Kent County
450,23014,Goochland County
451,23015,Hanover County
452,23018,Gloucester County
453,23021,Mathews County
454,23022,Fluvanna County
455,23023,King And Queen County
456,23024,Louisa County
457,23025,Mathews County
458,23027,Cumberland County
460,23031,Middlesex County
461,23032,Middlesex County
462,23035,Mathews County
463,23038,Goochland County
464,23039,Goochland County
465,23040,Cumberland County
466,23043,Middlesex County
467,23045,Mathews County
468,23047,Hanover County
469,23050,Gloucester County
470,23055,Fluvanna County
471,23056,Mathews County
472,23058,Henrico County
473,23059,Henrico County
474,23060,Henrico County
475,23061,Gloucester County
476,23062,Gloucester County
477,23063,Goochland County
478,23064,Mathews County
479,23065,Goochland County
480,23066,Mathews County
481,23067,Goochland County
482,23068,Mathews County
483,23069,Hanover County
484,23070,Middlesex County
485,23071,Middlesex County
486,23072,Gloucester County
487,23075,Henrico County
488,23076,Mathews County
489,23079,Middlesex County
491,23083,Amelia County
492,23084,Fluvanna County
493,23085,King And Queen County
494,23086,King William County
495,23089,New Kent County
496,23090,York County
497,23091,King And Queen County
498,23092,Middlesex County
499,23093,Louisa County
500,23101,Powhatan County
501,23102,Goochland County
502,23103,Goochland County
503,23105,Amelia County
504,23106,King William County
505,23107,Gloucester County
506,23108,King And Queen County
507,23109,Mathews County
508,23110,King And Queen County
509,23111,Hanover County
510,23112,Chesterfield County
511,23113,Chesterfield County
512,23114,Chesterfield County
513,23115,Essex County
514,23116,Hanover County
515,23117,Louisa County
516,23119,Mathews County
517,23120,Chesterfield County
518,23123,Buckingham County
519,23124,New Kent County
520,23125,Mathews County
521,23126,King And Queen County
523,23128,Mathews County
524,23129,Goochland County
525,23130,Mathews County
526,23131,Gloucester County
527,23138,Mathews County
528,23139,Powhatan County
529,23140,New Kent County
530,23141,New Kent County
531,23146,Hanover County
533,23148,King And Queen County
534,23149,Middlesex County
535,23150,Henrico County
536,23153,Goochland County
537,23154,Gloucester County
538,23155,Gloucester County
539,23156,King And Queen County
540,23160,Goochland County
541,23161,King And Queen County
542,23162,Hanover County
543,23163,Mathews County
545,23169,Middlesex County
546,23170,Louisa County
548,23175,Middlesex County
549,23176,Middlesex County
550,23177,King And Queen County
551,23178,Gloucester County
552,23180,Middlesex County
553,23181,King William County
554,23183,Gloucester County
555,23184,Gloucester County
560,23190,Gloucester County
561,23192,Hanover County
570,23226,Henrico County
571,23227,Henrico County
572,23228,Henrico County
573,23229,Henrico County
574,23230,Henrico County
575,23231,Henrico County
577,23233,Henrico County
578,23234,Chesterfield County
579,23235,Chesterfield County
580,23236,Chesterfield County
581,23237,Chesterfield County
582,23238,Henrico County
585,23242,Henrico County
587,23250,Henrico County
588,23255,Henrico County
601,23288,Henrico County
607,23294,Henrico County
609,23297,Chesterfield County
611,23301,Accomack County
612,23302,Accomack County
613,23303,Accomack County
614,23304,Isle Of Wight County
615,23306,Accomack County
616,23307,Northampton County
617,23308,Accomack County
618,23310,Northampton County
619,23313,Northampton County
620,23314,Isle Of Wight County
621,23315,Isle Of Wight County
622,23316,Northampton County
632,23336,Accomack County
633,23337,Accomack County
634,23341,Accomack County
635,23345,Accomack County
636,23347,Northampton County
637,23350,Northampton County
638,23354,Northampton County
639,23356,Accomack County
640,23357,Accomack County
641,23358,Accomack County
642,23359,Accomack County
643,23389,Accomack County
644,23395,Accomack County
645,23396,Accomack County
646,23397,Isle Of Wight County
647,23398,Northampton County
648,23399,Accomack County
649,23401,Accomack County
650,23404,Accomack County
651,23405,Northampton County
652,23407,Accomack County
653,23408,Northampton County
654,23409,Accomack County
655,23410,Accomack County
656,23412,Accomack County
657,23413,Northampton County
658,23414,Accomack County
659,23415,Accomack County
660,23416,Accomack County
661,23417,Accomack County
662,23418,Accomack County
663,23419,Northampton County
664,23420,Accomack County
665,23421,Accomack County
666,23422,Accomack County
667,23423,Accomack County
668,23424,Isle Of Wight County
669,23426,Accomack County
670,23427,Accomack County
671,23429,Northampton County
672,23430,Isle Of Wight County
673,23431,Isle Of Wight County
682,23440,Accomack County
683,23441,Accomack County
684,23442,Accomack County
685,23443,Northampton County
706,23480,Accomack County
707,23482,Northampton County
708,23483,Accomack County
709,23486,Northampton County
710,23487,Isle Of Wight County
711,23488,Accomack County
753,23665,York County
760,23690,York County
761,23691,York County
762,23692,York County
763,23693,York County
764,23694,York County
765,23696,York County
774,23801,Prince George County
779,23821,Brunswick County
780,23822,Dinwiddie County
781,23824,Nottoway County
782,23825,Nottoway County
783,23827,Southampton County
784,23828,Southampton County
785,23829,Southampton County
786,23830,Dinwiddie County
787,23831,Chesterfield County
788,23832,Chesterfield County
789,23833,Dinwiddie County
791,23836,Chesterfield County
792,23837,Southampton County
793,23838,Chesterfield County
794,23839,Surry County
795,23840,Dinwiddie County
796,23841,Dinwiddie County
797,23842,Prince George County
798,23843,Brunswick County
799,23844,Southampton County
800,23845,Brunswick County
801,23846,Surry County
802,23847,Greensville County
803,23850,Dinwiddie County
805,23856,Brunswick County
806,23857,Brunswick County
808,23866,Southampton County
809,23867,Greensville County
810,23868,Brunswick County
811,23870,Greensville County
812,23872,Dinwiddie County
813,23873,Brunswick County
814,23874,Southampton County
815,23875,Prince George County
816,23876,Brunswick County
817,23878,Southampton County
818,23879,Greensville County
819,23881,Surry County
820,23882,Sussex County
821,23883,Surry County
822,23884,Sussex County
823,23885,Dinwiddie County
824,23887,Brunswick County
825,23888,Sussex County
826,23889,Brunswick County
827,23890,Sussex County
828,23891,Sussex County
829,23893,Brunswick County
830,23894,Dinwiddie County
831,23897,Sussex County
832,23898,Isle Of Wight County
833,23899,Surry County
834,23901,Prince Edward County
835,23909,Prince Edward County
836,23915,Mecklenburg County
837,23917,Mecklenburg County
838,23919,Mecklenburg County
839,23920,Brunswick County
840,23921,Buckingham County
841,23922,Nottoway County
842,23923,Charlotte County
843,23924,Mecklenburg County
844,23927,Mecklenburg County
845,23930,Nottoway County
846,23934,Charlotte County
847,23936,Buckingham County
848,23937,Charlotte County
849,23938,Lunenburg County
850,23939,Appomattox County
851,23941,Lunenburg County
852,23942,Prince Edward County
853,23943,Prince Edward County
854,23944,Lunenburg County
855,23947,Charlotte County
856,23950,Mecklenburg County
857,23952,Lunenburg County
858,23954,Prince Edward County
859,23955,Nottoway County
860,23958,Appomattox County
861,23959,Charlotte County
862,23960,Prince Edward County
863,23962,Charlotte County
864,23963,Charlotte County
865,23964,Charlotte County
866,23966,Prince Edward County
867,23967,Charlotte County
868,23968,Mecklenburg County
869,23970,Mecklenburg County
870,23974,Lunenburg County
871,23976,Charlotte County
889,24018,Roanoke County
890,24019,Roanoke County
891,24020,Roanoke County
915,24050,Botetourt County
916,24053,Patrick County
917,24054,Henry County
918,24055,Henry County
919,24058,Pulaski County
920,24059,Roanoke County
921,24060,Montgomery County
922,24061,Montgomery County
923,24062,Montgomery County
924,24063,Montgomery County
925,24064,Botetourt County
926,24065,Franklin County
927,24066,Botetourt County
928,24067,Franklin County
929,24068,Montgomery County
930,24069,Pittsylvania County
931,24070,Roanoke County
932,24072,Floyd County
933,24073,Montgomery County
934,24076,Patrick County
935,24077,Botetourt County
936,24078,Henry County
937,24079,Floyd County
938,24082,Patrick County
939,24083,Botetourt County
940,24084,Pulaski County
941,24085,Botetourt County
942,24086,Giles County
943,24087,Montgomery County
944,24088,Franklin County
945,24089,Henry County
946,24090,Botetourt County
947,24091,Floyd County
948,24092,Franklin County
949,24093,Giles County
950,24095,Bedford County
951,24101,Franklin County
952,24102,Franklin County
953,24104,Bedford County
954,24105,Floyd County
955,24111,Montgomery County
960,24120,Patrick County
961,24121,Bedford County
962,24122,Bedford County
963,24124,Giles County
964,24126,Pulaski County
965,24127,Craig County
966,24128,Giles County
967,24129,Pulaski County
968,24130,Botetourt County
969,24131,Craig County
970,24132,Pulaski County
971,24133,Patrick County
972,24134,Giles County
973,24136,Giles County
974,24137,Franklin County
975,24138,Montgomery County
976,24139,Pittsylvania County
977,24141,Radford County
978,24142,Radford County
979,24143,Radford County
980,24146,Franklin County
981,24147,Giles County
982,24148,Henry County
983,24149,Montgomery County
984,24150,Giles County
985,24151,Franklin County
986,24153,Salem County
987,24155,Salem County
988,24157,Salem County
989,24161,Pittsylvania County
990,24162,Montgomery County
991,24165,Henry County
992,24167,Giles County
993,24168,Henry County
994,24171,Patrick County
995,24174,Bedford County
996,24175,Botetourt County
997,24176,Franklin County
998,24177,Patrick County
999,24178,Bedford County
1000,24179,Roanoke County
1001,24184,Franklin County
1002,24185,Patrick County
1003,24201,Bristol County
1004,24202,Washington County
1005,24203,Bristol County
1006,24209,Bristol County
1007,24210,Washington County
1008,24211,Washington County
1009,24212,Washington County
1010,24215,Wise County
1011,24216,Wise County
1012,24217,Dickenson County
1013,24218,Lee County
1014,24219,Wise County
1015,24220,Dickenson County
1016,24221,Lee County
1017,24224,Russell County
1018,24225,Russell County
1019,24226,Dickenson County
1020,24228,Dickenson County
1021,24230,Wise County
1022,24236,Washington County
1023,24237,Russell County
1024,24239,Buchanan County
1025,24243,Lee County
1026,24244,Scott County
1027,24245,Scott County
1028,24246,Wise County
1029,24248,Lee County
1030,24250,Scott County
1031,24251,Scott County
1032,24256,Dickenson County
1033,24258,Scott County
1034,24260,Russell County
1035,24263,Lee County
1036,24265,Lee County
1037,24266,Russell County
1038,24269,Dickenson County
1039,24270,Washington County
1040,24271,Scott County
1041,24272,Dickenson County
1043,24277,Lee County
1044,24279,Wise County
1045,24280,Russell County
1046,24281,Lee County
1047,24282,Lee County
1048,24283,Wise County
1049,24290,Scott County
1050,24292,Grayson County
1051,24293,Wise County
1052,24301,Pulaski County
1053,24311,Smyth County
1054,24312,Wythe County
1055,24313,Wythe County
1056,24314,Bland County
1057,24315,Bland County
1058,24316,Tazewell County
1059,24317,Carroll County
1060,24318,Bland County
1061,24319,Smyth County
1062,24322,Wythe County
1063,24323,Wythe County
1064,24324,Pulaski County
1065,24325,Carroll County
1066,24326,Grayson County
1067,24327,Washington County
1068,24328,Carroll County
1069,24330,Grayson County
1071,24340,Washington County
1072,24343,Carroll County
1073,24347,Pulaski County
1074,24348,Grayson County
1075,24350,Wythe County
1076,24351,Carroll County
1077,24352,Carroll County
1078,24354,Smyth County
1079,24360,Wythe County
1080,24361,Washington County
1081,24363,Grayson County
1082,24366,Bland County
1083,24368,Wythe County
1084,24370,Smyth County
1085,24374,Wythe County
1086,24375,Smyth County
1087,24377,Tazewell County
1088,24378,Grayson County
1089,24380,Floyd County
1090,24381,Carroll County
1091,24382,Wythe County
1094,24411,Augusta County
1095,24412,Bath County
1096,24413,Highland County
1097,24415,Rockbridge County
1099,24421,Augusta County
1100,24422,Alleghany County
1102,24430,Augusta County
1103,24431,Augusta County
1104,24432,Augusta County
1105,24433,Highland County
1106,24435,Rockbridge County
1107,24437,Augusta County
1108,24438,Botetourt County
1109,24439,Rockbridge County
1110,24440,Augusta County
1111,24441,Rockingham County
1112,24442,Highland County
1113,24445,Bath County
1114,24448,Alleghany County
1116,24457,Alleghany County
1117,24458,Highland County
1118,24459,Augusta County
1119,24460,Bath County
1120,24463,Augusta County
1121,24464,Nelson County
1122,24465,Highland County
1123,24467,Augusta County
1124,24468,Highland County
1125,24469,Augusta County
1126,24471,Rockingham County
1127,24472,Rockbridge County
1128,24473,Rockbridge County
1129,24474,Alleghany County
1130,24476,Augusta County
1131,24477,Augusta County
1132,24479,Augusta County
1133,24482,Augusta County
1134,24483,Rockbridge County
1135,24484,Bath County
1136,24485,Augusta County
1137,24486,Augusta County
1138,24487,Bath County
1149,24517,Campbell County
1150,24520,Halifax County
1151,24521,Amherst County
1152,24522,Appomattox County
1153,24523,Bedford County
1154,24526,Bedford County
1155,24527,Pittsylvania County
1156,24528,Campbell County
1157,24529,Mecklenburg County
1158,24530,Pittsylvania County
1159,24531,Pittsylvania County
1160,24533,Amherst County
1161,24534,Halifax County
1162,24535,Halifax County
1163,24536,Bedford County
1164,24538,Campbell County
1165,24539,Halifax County
1170,24549,Pittsylvania County
1171,24550,Campbell County
1172,24551,Bedford County
1173,24553,Nelson County
1174,24554,Campbell County
1175,24555,Rockbridge County
1176,24556,Bedford County
1177,24557,Pittsylvania County
1178,24558,Halifax County
1179,24562,Buckingham County
1180,24563,Pittsylvania County
1181,24565,Pittsylvania County
1182,24566,Pittsylvania County
1183,24569,Pittsylvania County
1184,24570,Bedford County
1185,24571,Campbell County
1186,24572,Amherst County
1187,24574,Amherst County
1188,24576,Campbell County
1189,24577,Halifax County
1190,24578,Rockbridge County
1191,24579,Rockbridge County
1192,24580,Mecklenburg County
1193,24581,Nelson County
1194,24586,Pittsylvania County
1195,24588,Campbell County
1196,24589,Halifax County
1197,24590,Albemarle County
1198,24592,Halifax County
1199,24593,Appomattox County
1200,24594,Pittsylvania County
1201,24595,Amherst County
1202,24597,Halifax County
1203,24598,Halifax County
1204,24599,Buckingham County
1205,24601,Tazewell County
1206,24602,Tazewell County
1207,24603,Buchanan County
1208,24604,Tazewell County
1209,24605,Tazewell County
1210,24606,Tazewell County
1211,24607,Dickenson County
1212,24608,Tazewell County
1213,24609,Tazewell County
1214,24612,Tazewell County
1215,24613,Tazewell County
1216,24614,Buchanan County
1217,24619,Tazewell County
1218,24620,Buchanan County
1219,24622,Tazewell County
1220,24624,Buchanan County
1221,24627,Buchanan County
1222,24628,Buchanan County
1223,24630,Tazewell County
1224,24631,Buchanan County
1225,24634,Buchanan County
1226,24635,Tazewell County
1227,24637,Tazewell County
1228,24639,Buchanan County
1229,24640,Tazewell County
1230,24641,Tazewell County
1231,24646,Buchanan County
1232,24647,Buchanan County
1233,24649,Russell County
1234,24651,Tazewell County
1235,24656,Buchanan County
1236,24657,Buchanan County
1237,24658,Buchanan County
1238,24701,Mercer County
1239,24712,Mercer County
1240,24714,Mercer County
1241,24715,Mercer County
1242,24716,Wyoming County
1243,24719,Wyoming County
1244,24724,Mercer County
1245,24726,Wyoming County
1246,24729,Mercer County
1247,24731,Mercer County
1248,24732,Mercer County
1249,24733,Mercer County
1250,24736,Mercer County
1251,24737,Mercer County
1252,24738,Mercer County
1253,24739,Mercer County
1254,24740,Mercer County
1255,24747,Mercer County
1256,24751,Mercer County
1257,24801,Mcdowell County
1258,24808,Mcdowell County
1259,24811,Mcdowell County
1260,24813,Mcdowell County
1261,24815,Mcdowell County
1262,24816,Mcdowell County
1263,24817,Mcdowell County
1264,24818,Wyoming County
1265,24822,Wyoming County
1266,24823,Wyoming County
1267,24824,Mcdowell County
1268,24826,Mcdowell County
1269,24827,Wyoming County
1270,24828,Mcdowell County
1271,24829,Mcdowell County
1272,24830,Mcdowell County
1273,24831,Mcdowell County
1274,24834,Wyoming County
1275,24836,Mcdowell County
1276,24839,Wyoming County
1277,24842,Mcdowell County
1278,24843,Mcdowell County
1279,24844,Mcdowell County
1280,24845,Wyoming County
1281,24846,Mcdowell County
1282,24847,Wyoming County
1283,24848,Mcdowell County
1284,24849,Wyoming County
1285,24850,Mcdowell County
1286,24851,Mingo County
1287,24853,Mcdowell County
1288,24854,Wyoming County
1289,24855,Mcdowell County
1290,24857,Wyoming County
1291,24859,Wyoming County
1292,24860,Wyoming County
1293,24861,Mcdowell County
1294,24862,Mcdowell County
1295,24866,Mcdowell County
1296,24867,Wyoming County
1297,24868,Mcdowell County
1298,24869,Wyoming County
1299,24870,Wyoming County
1300,24871,Mcdowell County
1301,24872,Mcdowell County
1302,24873,Mcdowell County
1303,24874,Wyoming County
1304,24878,Mcdowell County
1305,24879,Mcdowell County
1306,24880,Wyoming County
1307,24881,Mcdowell County
1308,24882,Wyoming County
1309,24884,Mcdowell County
1310,24887,Mcdowell County
1311,24888,Mcdowell County
1312,24892,Mcdowell County
1313,24894,Mcdowell County
1314,24895,Mcdowell County
1315,24898,Wyoming County
1316,24901,Greenbrier County
1317,24902,Greenbrier County
1318,24910,Greenbrier County
1319,24915,Pocahontas County
1320,24916,Greenbrier County
1321,24918,Monroe County
1322,24920,Pocahontas County
1323,24924,Pocahontas County
1324,24925,Greenbrier County
1325,24927,Pocahontas County
1326,24931,Greenbrier County
1327,24934,Pocahontas County
1328,24935,Summers County
1329,24938,Greenbrier County
1330,24941,Monroe County
1331,24943,Greenbrier County
1332,24944,Pocahontas County
1333,24945,Monroe County
1334,24946,Pocahontas County
1335,24951,Monroe County
1336,24954,Pocahontas County
1337,24957,Greenbrier County
1338,24961,Greenbrier County
1339,24962,Summers County
1340,24963,Monroe County
1341,24966,Greenbrier County
1342,24970,Greenbrier County
1343,24974,Monroe County
1344,24976,Monroe County
1345,24977,Greenbrier County
1346,24981,Summers County
1347,24983,Monroe County
1348,24984,Monroe County
1349,24985,Monroe County
1350,24986,Greenbrier County
1351,24991,Greenbrier County
1352,24993,Monroe County
1353,25002,Fayette County
1354,25003,Kanawha County
1355,25005,Roane County
1356,25007,Raleigh County
1357,25008,Raleigh County
1358,25009,Boone County
1359,25011,Putnam County
1360,25015,Kanawha County
1361,25019,Clay County
1362,25021,Boone County
1363,25022,Logan County
1364,25024,Boone County
1365,25025,Kanawha County
1366,25026,Kanawha County
1367,25028,Boone County
1368,25030,Clay County
1369,25031,Fayette County
1370,25033,Putnam County
1371,25035,Kanawha County
1372,25036,Fayette County
1373,25039,Kanawha County
1374,25040,Fayette County
1375,25043,Clay County
1376,25044,Raleigh County
1377,25045,Kanawha County
1378,25047,Logan County
1379,25048,Raleigh County
1380,25049,Boone County
1381,25051,Boone County
1382,25053,Boone County
1383,25054,Kanawha County
1384,25057,Fayette County
1385,25059,Nicholas County
1386,25060,Raleigh County
1387,25061,Kanawha County
1388,25062,Raleigh County
1389,25063,Clay County
1390,25064,Kanawha County
1391,25067,Kanawha County
1392,25070,Putnam County
1393,25071,Kanawha County
1394,25075,Kanawha County
1395,25076,Logan County
1396,25079,Kanawha County
1397,25081,Boone County
1398,25082,Putnam County
1399,25083,Kanawha County
1400,25085,Fayette County
1401,25086,Kanawha County
1402,25088,Clay County
1403,25090,Fayette County
1404,25093,Boone County
1405,25102,Kanawha County
1406,25103,Kanawha County
1407,25106,Mason County
1408,25107,Kanawha County
1409,25108,Boone County
1410,25109,Putnam County
1411,25110,Kanawha County
1412,25111,Clay County
1413,25112,Kanawha County
1414,25113,Clay County
1415,25114,Boone County
1416,25115,Fayette County
1417,25118,Fayette County
1418,25119,Fayette County
1419,25121,Logan County
1420,25123,Mason County
1421,25124,Putnam County
1422,25125,Clay County
1423,25126,Kanawha County
1424,25130,Boone County
1425,25132,Kanawha County
1426,25133,Clay County
1427,25134,Kanawha County
1428,25136,Fayette County
1429,25139,Fayette County
1430,25140,Raleigh County
1431,25141,Clay County
1432,25142,Boone County
1433,25143,Kanawha County
1434,25148,Boone County
1435,25149,Boone County
1436,25152,Fayette County
1437,25154,Boone County
1438,25156,Kanawha County
1439,25159,Putnam County
1440,25160,Kanawha County
1441,25161,Fayette County
1442,25162,Kanawha County
1443,25164,Clay County
1444,25165,Boone County
1445,25168,Putnam County
1446,25169,Boone County
1447,25173,Fayette County
1448,25174,Raleigh County
1449,25177,Kanawha County
1450,25180,Boone County
1451,25181,Boone County
1452,25183,Logan County
1453,25185,Fayette County
1454,25186,Fayette County
1455,25187,Mason County
1456,25193,Boone County
1457,25201,Kanawha County
1458,25202,Kanawha County
1459,25203,Boone County
1460,25204,Boone County
1461,25205,Boone County
1462,25206,Boone County
1463,25208,Boone County
1464,25209,Boone County
1465,25211,Clay County
1466,25213,Putnam County
1467,25214,Kanawha County
1468,25231,Jackson County
1469,25234,Calhoun County
1470,25235,Calhoun County
1471,25239,Jackson County
1472,25241,Jackson County
1473,25243,Roane County
1474,25244,Jackson County
1475,25245,Jackson County
1476,25247,Mason County
1477,25248,Jackson County
1478,25251,Roane County
1479,25252,Jackson County
1480,25253,Mason County
1481,25259,Roane County
1482,25260,Mason County
1483,25261,Calhoun County
1484,25262,Jackson County
1485,25264,Mason County
1486,25265,Mason County
1487,25266,Roane County
1488,25267,Gilmer County
1489,25268,Calhoun County
1490,25270,Roane County
1491,25271,Jackson County
1492,25275,Jackson County
1493,25276,Roane County
1494,25285,Clay County
1495,25286,Roane County
1496,25287,Mason County
1497,25301,Kanawha County
1498,25302,Kanawha County
1499,25303,Kanawha County
1500,25304,Kanawha County
1501,25305,Kanawha County
1502,25306,Kanawha County
1503,25309,Kanawha County
1504,25311,Kanawha County
1505,25312,Kanawha County
1506,25313,Kanawha County
1507,25314,Kanawha County
1508,25315,Kanawha County
1509,25317,Kanawha County
1510,25320,Kanawha County
1511,25321,Kanawha County
1512,25322,Kanawha County
1513,25323,Kanawha County
1514,25324,Kanawha County
1515,25325,Kanawha County
1516,25326,Kanawha County
1517,25327,Kanawha County
1518,25328,Kanawha County
1519,25329,Kanawha County
1520,25330,Kanawha County
1521,25331,Kanawha County
1522,25332,Kanawha County
1523,25333,Kanawha County
1524,25334,Kanawha County
1525,25335,Kanawha County
1526,25336,Kanawha County
1527,25337,Kanawha County
1528,25338,Kanawha County
1529,25339,Kanawha County
1530,25350,Kanawha County
1531,25356,Kanawha County
1532,25357,Kanawha County
1533,25358,Kanawha County
1534,25360,Kanawha County
1535,25361,Kanawha County
1536,25362,Kanawha County
1537,25364,Kanawha County
1538,25365,Kanawha County
1539,25375,Kanawha County
1540,25387,Kanawha County
1541,25389,Kanawha County
1542,25392,Kanawha County
1543,25396,Kanawha County
1544,25401,Berkeley County
1545,25402,Berkeley County
1546,25403,Berkeley County
1547,25404,Berkeley County
1548,25405,Berkeley County
1549,25410,Jefferson County
1550,25411,Morgan County
1551,25413,Berkeley County
1552,25414,Jefferson County
1553,25419,Berkeley County
1554,25420,Berkeley County
1555,25421,Berkeley County
1556,25422,Morgan County
1557,25423,Jefferson County
1558,25425,Jefferson County
1559,25427,Berkeley County
1560,25428,Berkeley County
1561,25429,Berkeley County
1562,25430,Jefferson County
1563,25431,Hampshire County
1564,25432,Jefferson County
1565,25434,Morgan County
1566,25437,Hampshire County
1567,25438,Jefferson County
1568,25440,Berkeley County
1569,25441,Jefferson County
1570,25442,Jefferson County
1571,25443,Jefferson County
1572,25444,Hampshire County
1573,25446,Jefferson County
1574,25501,Lincoln County
1575,25502,Mason County
1576,25503,Mason County
1577,25504,Cabell County
1578,25505,Logan County
1579,25506,Lincoln County
1580,25507,Wayne County
1581,25508,Logan County
1582,25510,Cabell County
1583,25511,Wayne County
1584,25512,Wayne County
1585,25514,Wayne County
1586,25515,Mason County
1587,25517,Wayne County
1588,25520,Mason County
1589,25521,Lincoln County
1590,25523,Lincoln County
1591,25524,Lincoln County
1592,25526,Putnam County
1593,25529,Boone County
1594,25530,Wayne County
1595,25534,Wayne County
1596,25535,Wayne County
1597,25537,Cabell County
1598,25540,Lincoln County
1599,25541,Cabell County
1600,25544,Lincoln County
1601,25545,Cabell County
1602,25547,Logan County
1603,25550,Mason County
1604,25555,Wayne County
1605,25557,Lincoln County
1606,25559,Cabell County
1607,25560,Putnam County
1608,25562,Wayne County
1609,25564,Lincoln County
1610,25565,Lincoln County
1611,25567,Lincoln County
1612,25569,Putnam County
1613,25570,Wayne County
1614,25571,Lincoln County
1615,25572,Boone County
1616,25573,Lincoln County
1617,25601,Logan County
1618,25606,Logan County
1619,25607,Logan County
1620,25608,Mingo County
1621,25611,Logan County
1622,25612,Logan County
1623,25614,Logan County
1624,25617,Logan County
1625,25621,Mingo County
1626,25624,Logan County
1627,25625,Logan County
1628,25628,Logan County
1629,25630,Logan County
1630,25632,Logan County
1631,25634,Logan County
1632,25635,Logan County
1633,25637,Logan County
1634,25638,Logan County
1635,25639,Logan County
1636,25644,Logan County
1637,25646,Logan County
1638,25647,Logan County
1639,25649,Logan County
1640,25650,Mingo County
1641,25651,Mingo County
1642,25652,Logan County
1643,25653,Logan County
1644,25654,Logan County
1645,25661,Mingo County
1646,25665,Mingo County
1647,25666,Mingo County
1648,25667,Mingo County
1649,25669,Wayne County
1650,25670,Mingo County
1651,25671,Mingo County
1652,25672,Mingo County
1653,25674,Mingo County
1654,25676,Mingo County
1655,25678,Mingo County
1656,25685,Mingo County
1657,25686,Mingo County
1658,25688,Mingo County
1659,25690,Mingo County
1660,25691,Mingo County
1661,25692,Mingo County
1662,25696,Mingo County
1663,25697,Mingo County
1664,25699,Wayne County
1665,25701,Cabell County
1666,25702,Cabell County
1667,25703,Cabell County
1668,25704,Wayne County
1669,25705,Cabell County
1670,25706,Cabell County
1671,25707,Cabell County
1672,25708,Cabell County
1673,25709,Cabell County
1674,25710,Cabell County
1675,25711,Cabell County
1676,25712,Cabell County
1677,25713,Cabell County
1678,25714,Cabell County
1679,25715,Cabell County
1680,25716,Cabell County
1681,25717,Cabell County
1682,25718,Cabell County
1683,25719,Cabell County
1684,25720,Cabell County
1685,25721,Cabell County
1686,25722,Cabell County
1687,25723,Cabell County
1688,25724,Cabell County
1689,25725,Cabell County
1690,25726,Cabell County
1691,25727,Cabell County
1692,25728,Cabell County
1693,25729,Cabell County
1694,25755,Cabell County
1695,25770,Cabell County
1696,25771,Cabell County
1697,25772,Cabell County
1698,25773,Cabell County
1699,25774,Cabell County
1700,25775,Cabell County
1701,25776,Cabell County
1702,25777,Cabell County
1703,25778,Cabell County
1704,25779,Cabell County
1705,25801,Raleigh County
1706,25802,Raleigh County
1707,25810,Wyoming County
1708,25811,Wyoming County
1709,25812,Fayette County
1710,25813,Raleigh County
1711,25816,Raleigh County
1712,25817,Raleigh County
1713,25818,Raleigh County
1714,25820,Mercer County
1715,25823,Raleigh County
1716,25825,Raleigh County
1717,25826,Wyoming County
1718,25827,Raleigh County
1719,25831,Fayette County
1720,25832,Raleigh County
1721,25833,Fayette County
1722,25836,Raleigh County
1723,25837,Fayette County
1724,25839,Raleigh County
1725,25840,Fayette County
1726,25841,Mercer County
1727,25843,Raleigh County
1728,25844,Raleigh County
1729,25845,Wyoming County
1730,25846,Fayette County
1731,25848,Wyoming County
1732,25849,Raleigh County
1733,25851,Raleigh County
1734,25853,Raleigh County
1735,25854,Fayette County
1736,25855,Fayette County
1737,25857,Raleigh County
1738,25860,Raleigh County
1739,25862,Fayette County
1740,25864,Fayette County
1741,25865,Raleigh County
1742,25866,Fayette County
1743,25868,Fayette County
1744,25870,Wyoming County
1745,25871,Raleigh County
1746,25873,Raleigh County
1747,25875,Wyoming County
1748,25876,Wyoming County
1749,25878,Raleigh County
1750,25879,Fayette County
1751,25880,Fayette County
1752,25882,Wyoming County
1753,25901,Fayette County
1754,25902,Raleigh County
1755,25904,Fayette County
1756,25906,Raleigh County
1757,25907,Fayette County
1758,25908,Raleigh County
1759,25909,Raleigh County
1760,25911,Raleigh County
1761,25913,Wyoming County
1762,25914,Fayette County
1763,25915,Raleigh County
1764,25916,Wyoming County
1765,25917,Fayette County
1766,25918,Raleigh County
1767,25919,Raleigh County
1768,25920,Raleigh County
1769,25921,Raleigh County
1770,25922,Mercer County
1771,25926,Raleigh County
1772,25927,Raleigh County
1773,25928,Wyoming County
1774,25932,Raleigh County
1775,25936,Fayette County
1776,25938,Fayette County
1777,25942,Fayette County
1778,25943,Wyoming County
1779,25951,Summers County
1780,25958,Greenbrier County
1781,25962,Greenbrier County
1782,25965,Summers County
1783,25966,Summers County
1784,25969,Summers County
1785,25971,Mercer County
1786,25972,Greenbrier County
1787,25976,Fayette County
1788,25977,Summers County
1789,25978,Summers County
1790,25979,Summers County
1791,25981,Greenbrier County
1792,25984,Greenbrier County
1793,25985,Summers County
1794,25986,Fayette County
1795,25989,Raleigh County
1796,26003,Ohio County
1797,26030,Brooke County
1798,26031,Marshall County
1799,26032,Brooke County
1800,26033,Marshall County
1801,26034,Hancock County
1802,26035,Brooke County
1803,26036,Marshall County
1804,26037,Brooke County
1805,26038,Marshall County
1806,26039,Marshall County
1807,26040,Marshall County
1808,26041,Marshall County
1809,26047,Hancock County
1810,26050,Hancock County
1811,26055,Marshall County
1812,26056,Hancock County
1813,26058,Brooke County
1814,26059,Ohio County
1815,26060,Ohio County
1816,26062,Hancock County
1817,26070,Brooke County
1818,26074,Ohio County
1819,26075,Brooke County
1820,26101,Wood County
1821,26102,Wood County
1822,26103,Wood County
1823,26104,Wood County
1824,26105,Wood County
1825,26106,Wood County
1826,26120,Wood County
1827,26121,Wood County
1828,26133,Wood County
1829,26134,Pleasants County
1830,26136,Calhoun County
1831,26137,Calhoun County
1832,26138,Wirt County
1833,26141,Wirt County
1834,26142,Wood County
1835,26143,Wirt County
1836,26146,Tyler County
1837,26147,Calhoun County
1838,26148,Ritchie County
1839,26149,Tyler County
1840,26150,Wood County
1841,26151,Calhoun County
1842,26152,Calhoun County
1843,26155,Wetzel County
1844,26159,Wetzel County
1845,26160,Wirt County
1846,26161,Ritchie County
1847,26162,Wetzel County
1848,26164,Jackson County
1849,26167,Wetzel County
1850,26169,Wood County
1851,26170,Pleasants County
1852,26175,Tyler County
1853,26178,Ritchie County
1854,26180,Wood County
1855,26181,Wood County
1856,26184,Wood County
1857,26186,Wetzel County
1858,26187,Wood County
1859,26201,Upshur County
1860,26202,Nicholas County
1861,26203,Webster County
1862,26205,Nicholas County
1863,26206,Webster County
1864,26208,Webster County
1865,26209,Pocahontas County
1866,26210,Upshur County
1867,26215,Upshur County
1868,26217,Webster County
1869,26218,Upshur County
1870,26219,Upshur County
1871,26222,Webster County
1872,26224,Randolph County
1873,26228,Upshur County
1874,26229,Upshur County
1875,26230,Randolph County
1876,26234,Upshur County
1877,26236,Upshur County
1878,26237,Upshur County
1879,26238,Barbour County
1880,26241,Randolph County
1881,26250,Barbour County
1882,26253,Randolph County
1883,26254,Tucker County
1884,26257,Randolph County
1885,26259,Randolph County
1886,26260,Tucker County
1887,26261,Nicholas County
1888,26263,Randolph County
1889,26264,Pocahontas County
1890,26266,Webster County
1891,26267,Randolph County
1892,26268,Randolph County
1893,26269,Tucker County
1894,26270,Randolph County
1895,26271,Tucker County
1896,26273,Randolph County
1897,26275,Barbour County
1898,26276,Randolph County
1899,26278,Randolph County
1900,26280,Randolph County
1901,26282,Randolph County
1902,26283,Randolph County
1903,26285,Randolph County
1904,26287,Tucker County
1905,26288,Webster County
1906,26289,Tucker County
1907,26291,Pocahontas County
1908,26292,Tucker County
1909,26293,Randolph County
1910,26294,Randolph County
1911,26296,Randolph County
1912,26298,Webster County
1913,26301,Harrison County
1914,26302,Harrison County
1915,26306,Harrison County
1916,26320,Tyler County
1917,26321,Lewis County
1918,26323,Harrison County
1919,26325,Ritchie County
1920,26327,Ritchie County
1921,26330,Harrison County
1922,26335,Braxton County
1923,26337,Ritchie County
1924,26338,Lewis County
1925,26339,Doddridge County
1926,26342,Gilmer County
1927,26343,Lewis County
1928,26346,Ritchie County
1929,26347,Taylor County
1930,26348,Wetzel County
1931,26349,Barbour County
1932,26351,Gilmer County
1933,26354,Taylor County
1934,26361,Harrison County
1935,26362,Ritchie County
1936,26366,Harrison County
1937,26369,Harrison County
1938,26372,Lewis County
1939,26374,Preston County
1940,26376,Lewis County
1941,26377,Wetzel County
1942,26378,Lewis County
1943,26384,Gilmer County
1944,26385,Harrison County
1945,26386,Harrison County
1946,26404,Harrison County
1947,26405,Barbour County
1948,26408,Harrison County
1949,26410,Preston County
1950,26411,Doddridge County
1951,26412,Lewis County
1952,26415,Ritchie County
1953,26416,Barbour County
1954,26419,Wetzel County
1955,26421,Ritchie County
1956,26422,Harrison County
1957,26424,Taylor County
1958,26425,Preston County
1959,26426,Harrison County
1960,26430,Gilmer County
1961,26431,Harrison County
1962,26434,Tyler County
1963,26435,Taylor County
1964,26436,Doddridge County
1965,26437,Wetzel County
1966,26438,Harrison County
1967,26440,Taylor County
1968,26443,Gilmer County
1969,26444,Preston County
1970,26447,Lewis County
1971,26448,Harrison County
1972,26451,Harrison County
1973,26452,Lewis County
1974,26456,Doddridge County
1975,26461,Harrison County
1976,26463,Harrison County
1977,26501,Monongalia County
1978,26502,Monongalia County
1979,26504,Monongalia County
1980,26505,Monongalia County
1981,26506,Monongalia County
1982,26507,Monongalia County
1983,26508,Monongalia County
1984,26519,Preston County
1985,26520,Preston County
1986,26521,Monongalia County
1987,26524,Preston County
1988,26525,Preston County
1989,26527,Monongalia County
1990,26531,Monongalia County
1991,26534,Monongalia County
1992,26537,Preston County
1993,26541,Monongalia County
1994,26542,Preston County
1995,26543,Monongalia County
1996,26544,Monongalia County
1997,26546,Monongalia County
1998,26547,Preston County
1999,26554,Marion County
2000,26555,Marion County
2001,26559,Marion County
2002,26560,Marion County
2003,26561,Wetzel County
2004,26562,Wetzel County
2005,26563,Marion County
2006,26566,Marion County
2007,26568,Harrison County
2008,26570,Marion County
2009,26571,Marion County
2010,26572,Marion County
2011,26574,Marion County
2012,26575,Wetzel County
2013,26576,Marion County
2014,26578,Marion County
2015,26581,Wetzel County
2016,26582,Marion County
2017,26585,Marion County
2018,26586,Marion County
2019,26587,Marion County
2020,26588,Marion County
2021,26590,Monongalia County
2022,26591,Marion County
2023,26601,Braxton County
2024,26610,Nicholas County
2025,26611,Gilmer County
2026,26615,Braxton County
2027,26617,Clay County
2028,26619,Braxton County
2029,26621,Braxton County
2030,26623,Braxton County
2031,26624,Braxton County
2032,26627,Braxton County
2033,26629,Braxton County
2034,26631,Braxton County
2035,26636,Gilmer County
2036,26638,Gilmer County
2037,26651,Nicholas County
2038,26656,Nicholas County
2039,26660,Nicholas County
2040,26662,Nicholas County
2041,26667,Nicholas County
2042,26671,Nicholas County
2043,26675,Nicholas County
2044,26676,Nicholas County
2045,26678,Nicholas County
2046,26679,Nicholas County
2047,26680,Fayette County
2048,26681,Nicholas County
2049,26684,Nicholas County
2050,26690,Nicholas County
2051,26691,Nicholas County
2052,26704,Hampshire County
2053,26705,Preston County
2054,26707,Grant County
2055,26710,Mineral County
2056,26711,Hampshire County
2057,26714,Hampshire County
2058,26716,Preston County
2059,26717,Mineral County
2060,26719,Mineral County
2061,26720,Grant County
2062,26722,Hampshire County
2063,26726,Mineral County
2064,26731,Grant County
2065,26739,Grant County
2066,26743,Mineral County
2067,26750,Mineral County
2068,26753,Mineral County
2069,26755,Hampshire County
2070,26757,Hampshire County
2071,26761,Hampshire County
2072,26763,Hampshire County
2073,26764,Preston County
2074,26767,Mineral County
2075,26801,Hardy County
2076,26802,Pendleton County
2077,26804,Pendleton County
2078,26807,Pendleton County
2079,26808,Hampshire County
2080,26810,Hardy County
2081,26812,Hardy County
2082,26814,Pendleton County
2083,26815,Pendleton County
2084,26817,Hampshire County
2085,26818,Hardy County
2086,26823,Hampshire County
2087,26833,Grant County
2088,26836,Hardy County
2089,26838,Hardy County
2090,26845,Hardy County
2091,26847,Grant County
2092,26851,Hardy County
2093,26852,Hampshire County
2094,26855,Grant County
2095,26865,Hampshire County
2096,26866,Pendleton County
2097,26884,Pendleton County
2098,26886,Pendleton County
