Zip Code,County,city
20101,Loudoun,Dulles
20102,Loudoun,Dulles
20103,Loudoun,Dulles
20104,Loudoun,Dulles
20105,Loudoun,Aldie
20106,Culpeper,Amissville
20107,Loudoun,Arcola
20108,Manassas city,Manassas
20109,Prince William,Manassas
20110,Manassas city,Manassas
20111,Prince William,Manassas
20112,Prince William,Manassas
20113,Manassas Park city,Manassas
20115,Fauquier,Marshall
20116,Fauquier,Marshall
20117,Loudoun,Middleburg
20118,Loudoun,Middleburg
20119,Fauquier,Catlett
20120,Fairfax,Centreville
20121,Fairfax,Centreville
20122,Fairfax,Centreville
20124,Fairfax,Clifton
20128,Fauquier,Orlean
20129,Loudoun,Paeonian Springs
20130,Clarke,Paris
20131,Loudoun,Philomont
20132,Loudoun,Purcellville
20134,Loudoun,Purcellville
20135,Clarke,Bluemont
20136,Prince William,Bristow
20137,Fauquier,Broad Run
20138,Fauquier,Calverton
20139,Fauquier,Casanova
20140,Fauquier,Rectortown
20141,Loudoun,Round Hill
20142,Loudoun,Round Hill
20143,Prince William,Catharpin
20144,Fauquier,Delaplane
20146,Loudoun,Ashburn
20147,Loudoun,Ashburn
20148,Loudoun,Ashburn
20149,Loudoun,Ashburn
20151,Fairfax,Chantilly
20152,Loudoun,Chantilly
20153,Fairfax,Chantilly
20155,Prince William,Gainesville
20156,Prince William,Gainesville
20158,Loudoun,Hamilton
20159,Loudoun,Hamilton
20160,Loudoun,Lincoln
20163,Loudoun,Sterling
20164,Loudoun,Sterling
20165,Loudoun,Sterling
20166,Loudoun,Sterling
20167,Loudoun,Sterling
20168,Prince William,Haymarket
20169,Prince William,Haymarket
20170,Fairfax,Herndon
20171,Fairfax,Herndon
20172,Fairfax,Herndon
20175,Loudoun,Leesburg
20176,Loudoun,Leesburg
20177,Loudoun,Leesburg
20178,Loudoun,Leesburg
20180,Loudoun,Lovettsville
20181,Prince William,Nokesville
20182,Prince William,Nokesville
20184,Fauquier,Upperville
20185,Fauquier,Upperville
20186,Fauquier,Warrenton
20187,Fauquier,Warrenton
20188,Fauquier,Warrenton
20189,Loudoun,Dulles
20190,Fairfax,Reston
20191,Fairfax,Reston
20192,Fairfax,Herndon
20193,Fairfax,Reston
20194,Fairfax,Reston
20195,Fairfax,Reston
20196,Fairfax,Reston
20197,Loudoun,Waterford
20198,Fauquier,The Plains
20199,Loudoun,Dulles
22003,Fairfax,Annandale
22009,Fairfax,Burke
22015,Fairfax,Burke
22025,Prince William,Dumfries
22026,Prince William,Dumfries
22027,Fairfax,Dunn Loring
22030,Fairfax city,Fairfax
22031,Fairfax,Fairfax
22032,Fairfax,Fairfax
22033,Fairfax,Fairfax
22034,Fairfax,Fairfax
22035,Fairfax,Fairfax
22036,Fairfax,Fairfax
22037,Fairfax,Fairfax
22038,Fairfax city,Fairfax
22039,Fairfax,Fairfax Station
22040,Falls Church city,Falls Church
22041,Fairfax,Falls Church
22042,Fairfax,Falls Church
22043,Fairfax,Falls Church
22044,Fairfax,Falls Church
22046,Falls Church city,Falls Church
22047,Fairfax,Falls Church
22060,Fairfax,Fort Belvoir
22066,Fairfax,Great Falls
22067,Fairfax,Greenway
22079,Fairfax,Lorton
22081,Fairfax,Merrifield
22082,Fairfax,Merrifield
22092,Fairfax,Herndon
22093,Loudoun,Ashburn
22095,Fairfax,Herndon
22096,Fairfax,Reston
22101,Fairfax,Mc Lean
22102,Fairfax,Mc Lean
22103,Fairfax,West Mclean
22106,Fairfax,Mc Lean
22107,Fairfax,Mc Lean
22108,Fairfax,Mc Lean
22109,Fairfax,Mc Lean
22116,Fairfax,Merrifield
22118,Fairfax,Merrifield
22119,Fairfax,Merrifield
22120,Fairfax,Merrifield
22121,Fairfax,Mount Vernon
22122,Fairfax,Newington
22124,Fairfax,Oakton
22125,Prince William,Occoquan
22134,Prince William,Quantico
22135,Stafford,Quantico
22150,Fairfax,Springfield
22151,Fairfax,Springfield
22152,Fairfax,Springfield
22153,Fairfax,Springfield
22156,Fairfax,Springfield
22158,Fairfax,Springfield
22159,Fairfax,Springfield
22160,Fairfax,Springfield
22161,Fairfax,Springfield
22172,Prince William,Triangle
22180,Fairfax,Vienna
22181,Fairfax,Vienna
22182,Fairfax,Vienna
22183,Fairfax,Vienna
22184,Fairfax,Vienna
22185,Fairfax,Vienna
22191,Prince William,Woodbridge
22192,Prince William,Woodbridge
22193,Prince William,Woodbridge
22194,Prince William,Woodbridge
22195,Prince William,Woodbridge
22199,Fairfax,Lorton
22201,Arlington,Arlington
22202,Arlington,Arlington
22203,Arlington,Arlington
22204,Arlington,Arlington
22205,Arlington,Arlington
22206,Arlington,Arlington
22207,Arlington,Arlington
22209,Arlington,Arlington
22210,Arlington,Arlington
22211,Arlington,Ft Myer
22212,Arlington,Arlington
22213,Arlington,Arlington
22214,Arlington,Arlington
22215,Arlington,Arlington
22216,Arlington,Arlington
22217,Arlington,Arlington
22218,Arlington,Arlington
22219,Arlington,Arlington
22222,Arlington,Arlington
22223,Arlington,Arlington
22225,Arlington,Arlington
22226,Arlington,Arlington
22227,Arlington,Arlington
22229,Arlington,Arlington
22230,Arlington,Arlington
22234,Arlington,Arlington
22240,Arlington,Arlington
22241,Arlington,Arlington
22242,Arlington,Arlington
22243,Arlington,Arlington
22244,Arlington,Arlington
22245,Arlington,Arlington
22246,Arlington,Arlington
22301,Alexandria city,Alexandria
22302,Alexandria city,Alexandria
22303,Fairfax,Alexandria
22304,Alexandria city,Alexandria
22305,Alexandria city,Alexandria
22306,Fairfax,Alexandria
22307,Fairfax,Alexandria
22308,Fairfax,Alexandria
22309,Fairfax,Alexandria
22310,Fairfax,Alexandria
22311,Alexandria city,Alexandria
22312,Fairfax,Alexandria
22313,Alexandria city,Alexandria
22314,Alexandria city,Alexandria
22315,Fairfax,Alexandria
22320,Alexandria city,Alexandria
22321,Fairfax,Alexandria
22331,Alexandria city,Alexandria
22332,Alexandria city,Alexandria
22333,Alexandria city,Alexandria
22334,Alexandria city,Alexandria
22336,Alexandria city,Alexandria
22401,Fredericksburg city,Fredericksburg
22402,Fredericksburg city,Fredericksburg
22403,Stafford,Fredericksburg
22404,Fredericksburg city,Fredericksburg
22405,Stafford,Fredericksburg
22406,Stafford,Fredericksburg
22407,Spotsylvania,Fredericksburg
22408,Spotsylvania,Fredericksburg
22412,Stafford,Fredericksburg
22427,Caroline,Bowling Green
22428,Caroline,Bowling Green
22430,Stafford,Brooke
22432,Northumberland,Burgess
22433,Orange,Burr Hill
22435,Northumberland,Callao
22436,Essex,Caret
22437,Essex,Center Cross
22438,Essex,Champlain
22442,Westmoreland,Coles Point
22443,Westmoreland,Colonial Beach
22446,Caroline,Corbin
22448,King George,Dahlgren
22451,King George,Dogue
22454,Essex,Dunnsville
22456,Northumberland,Edwardsville
22460,Richmond,Farnham
22463,Stafford,Garrisonville
22469,Westmoreland,Hague
22471,Stafford,Hartwood
22472,Richmond,Haynesville
22473,Northumberland,Heathsville
22476,Essex,Hustle
22480,Lancaster,Irvington
22481,King George,Jersey
22482,Lancaster,Kilmarnock
22485,King George,King George
22488,Westmoreland,Kinsale
22501,Caroline,Ladysmith
22503,Lancaster,Lancaster
22504,Essex,Laneview
22507,Lancaster,Lively
22508,Orange,Locust Grove
22509,Essex,Loretto
22511,Northumberland,Lottsburg
22513,Lancaster,Merry Point
22514,Caroline,Milford
22517,Lancaster,Mollusk
22520,Westmoreland,Montross
22523,Lancaster,Morattico
22524,Westmoreland,Mount Holly
22526,King George,Ninde
22528,Lancaster,Nuttsville
22529,Westmoreland,Oldhams
22530,Northumberland,Ophelia
22534,Spotsylvania,Partlow
22535,Caroline,Port Royal
22538,Caroline,Rappahannock Academy
22539,Northumberland,Reedville
22542,Orange,Rhoadesville
22544,King George,Rollins Fork
22545,Stafford,Ruby
22546,Caroline,Ruther Glen
22547,King George,Sealston
22548,Richmond,Sharps
22552,Caroline,Sparta
22553,Spotsylvania,Spotsylvania
22554,Stafford,Stafford
22555,Stafford,Stafford
22556,Stafford,Stafford
22558,Westmoreland,Stratford
22560,Essex,Tappahannock
22565,Spotsylvania,Thornburg
22567,Orange,Unionville
22570,Richmond,Village
22572,Richmond,Warsaw
22576,Lancaster,Weems
22577,Westmoreland,Sandy Point
22578,Lancaster,White Stone
22579,Northumberland,Wicomico Church
22580,Caroline,Woodford
22581,Westmoreland,Zacata
22601,Winchester city,Winchester
22602,Frederick,Winchester
22603,Frederick,Winchester
22604,Winchester city,Winchester
22610,Warren,Bentonville
22611,Clarke,Berryville
22620,Clarke,Boyce
22622,Frederick,Brucetown
22623,Rappahannock,Chester Gap
22624,Frederick,Clear Brook
22625,Frederick,Cross Junction
22626,Shenandoah,Fishers Hill
22627,Rappahannock,Flint Hill
22630,Warren,Front Royal
22637,Frederick,Gore
22638,Frederick,Winchester
22639,Fauquier,Hume
22640,Rappahannock,Huntly
22641,Shenandoah,Strasburg
22642,Warren,Linden
22643,Fauquier,Markham
22644,Shenandoah,Maurertown
22645,Frederick,Middletown
22646,Clarke,Millwood
22649,Warren,Middletown
22650,Page,Rileyville
22652,Shenandoah,Fort Valley
22654,Frederick,Star Tannery
22655,Frederick,Stephens city
22656,Frederick,Stephenson
22657,Shenandoah,Strasburg
22660,Shenandoah,Toms Brook
22663,Clarke,White Post
22664,Shenandoah,Woodstock
22701,Culpeper,Culpeper
22709,Madison,Aroda
22711,Madison,Banco
22712,Fauquier,Bealeton
22713,Culpeper,Boston
22714,Culpeper,Brandy Station
22715,Madison,Brightwood
22716,Rappahannock,Castleton
22718,Culpeper,Elkwood
22719,Madison,Etlan
22720,Fauquier,Goldvein
22721,Madison,Graves Mill
22722,Madison,Haywood
22723,Madison,Hood
22724,Culpeper,Jeffersonton
22725,Madison,Leon
22726,Culpeper,Lignum
22727,Madison,Madison
22728,Fauquier,Midland
22729,Culpeper,Mitchells
22730,Madison,Oakpark
22731,Madison,Pratts
22732,Madison,Radiant
22733,Culpeper,Rapidan
22734,Fauquier,Remington
22735,Madison,Reva
22736,Culpeper,Richardsville
22737,Culpeper,Rixeyville
22738,Madison,Rochelle
22739,Fauquier,Somerville
22740,Rappahannock,Sperryville
22741,Culpeper,Stevensburg
22742,Fauquier,Sumerduck
22743,Madison,Syria
22746,Culpeper,Viewtown
22747,Rappahannock,Washington
22748,Madison,Wolftown
22749,Rappahannock,Woodville
22801,Harrisonburg city,Harrisonburg
22802,Harrisonburg city,Harrisonburg
22803,Harrisonburg city,Harrisonburg
22807,Harrisonburg city,Harrisonburg
22810,Shenandoah,Basye
22811,Rockingham,Bergton
22812,Rockingham,Bridgewater
22815,Rockingham,Broadway
22820,Rockingham,Criders
22821,Rockingham,Dayton
22824,Shenandoah,Edinburg
22827,Rockingham,Elkton
22830,Rockingham,Fulks Run
22831,Rockingham,Hinton
22832,Rockingham,Keezletown
22833,Rockingham,Lacey Spring
22834,Rockingham,Linville
22835,Page,Luray
22840,Rockingham,Mc Gaheysville
22841,Rockingham,Mount Crawford
22842,Shenandoah,Mount Jackson
22843,Augusta,Mount Solon
22844,Shenandoah,New Market
22845,Shenandoah,Orkney Springs
22846,Rockingham,Penn Laird
22847,Shenandoah,Quicksburg
22848,Rockingham,Pleasant Valley
22849,Page,Shenandoah
22850,Rockingham,Singers Glen
22851,Page,Stanley
22853,Rockingham,Timberville
22901,Albemarle,Charlottesville
22902,Charlottesville city,Charlottesville
22903,Charlottesville city,Charlottesville
22904,Charlottesville city,Charlottesville
22905,Charlottesville city,Charlottesville
22906,Charlottesville city,Charlottesville
22907,Charlottesville city,Charlottesville
22908,Charlottesville city,Charlottesville
22909,Albemarle,Charlottesville
22910,Charlottesville city,Charlottesville
22911,Albemarle,Charlottesville
22920,Nelson,Afton
22922,Nelson,Arrington
22923,Orange,Barboursville
22924,Albemarle,Batesville
22931,Albemarle,Covesville
22932,Albemarle,Crozet
22935,Greene,Dyke
22936,Albemarle,Earlysville
22937,Albemarle,Esmont
22938,Nelson,Faber
22939,Augusta,Fishersville
22940,Albemarle,Free Union
22942,Orange,Gordonsville
22943,Albemarle,Greenwood
22945,Albemarle,Ivy
22946,Albemarle,Keene
22947,Albemarle,Keswick
22948,Madison,Locust Dale
22949,Nelson,Lovingston
22952,Augusta,Lyndhurst
22957,Orange,Montpelier Station
22958,Nelson,Nellysford
22959,Albemarle,North Garden
22960,Orange,Orange
22963,Fluvanna,Palmyra
22964,Nelson,Piney River
22965,Greene,Quinque
22967,Nelson,Roseland
22968,Greene,Ruckersville
22969,Nelson,Schuyler
22971,Nelson,Shipman
22972,Orange,Somerset
22973,Greene,Stanardsville
22974,Fluvanna,Troy
22976,Nelson,Tyro
22980,Waynesboro city,Waynesboro
22987,Albemarle,White Hall
22989,Madison,Woodberry Forest
23001,Gloucester,Achilles
23002,Amelia,Amelia Court House
23003,Gloucester,Ark
23004,Buckingham,Arvonia
23005,Hanover,Ashland
23009,King William,Aylett
23011,New Kent,Barhamsville
23014,Goochland,Beaumont
23015,Hanover,Beaverdam
23018,Gloucester,Bena
23021,Mathews,Bohannon
23022,Fluvanna,Bremo Bluff
23023,King And Queen,Bruington
23024,Louisa,Bumpass
23025,Mathews,Cardinal
23027,Cumberland,Cartersville
23030,Charles city,Charles city
23031,Middlesex,Christchurch
23032,Middlesex,Church View
23035,Mathews,Cobbs Creek
23038,Goochland,Columbia
23039,Goochland,Crozier
23040,Cumberland,Cumberland
23043,Middlesex,Deltaville
23045,Mathews,Diggs
23047,Hanover,Doswell
23050,Gloucester,Dutton
23055,Fluvanna,Fork Union
23056,Mathews,Foster
23058,Henrico,Glen Allen
23059,Henrico,Glen Allen
23060,Henrico,Glen Allen
23061,Gloucester,Gloucester
23062,Gloucester,Gloucester Point
23063,Goochland,Goochland
23064,Mathews,Grimstead
23065,Goochland,Gum Spring
23066,Mathews,Gwynn
23067,Goochland,Hadensville
23068,Mathews,Hallieford
23069,Hanover,Hanover
23070,Middlesex,Hardyville
23071,Middlesex,Hartfield
23072,Gloucester,Hayes
23075,Henrico,Highland Springs
23076,Mathews,Hudgins
23079,Middlesex,Jamaica
23081,James city,Jamestown
23083,Amelia,Jetersville
23084,Fluvanna,Kents Store
23085,King And Queen,King And Queen Court House
23086,King William,King William
23089,New Kent,Lanexa
23090,York,Lightfoot
23091,King And Queen,Little Plymouth
23092,Middlesex,Locust Hill
23093,Louisa,Louisa
23101,Powhatan,Macon
23102,Goochland,Maidens
23103,Goochland,Manakin Sabot
23105,Amelia,Mannboro
23106,King William,Manquin
23107,Gloucester,Maryus
23108,King And Queen,Mascot
23109,Mathews,Mathews
23110,King And Queen,Mattaponi
23111,Hanover,Mechanicsville
23112,Chesterfield,Midlothian
23113,Chesterfield,Midlothian
23114,Chesterfield,Midlothian
23115,Essex,Millers Tavern
23116,Hanover,Mechanicsville
23117,Louisa,Mineral
23119,Mathews,Moon
23120,Chesterfield,Moseley
23123,Buckingham,New Canton
23124,New Kent,New Kent
23125,Mathews,New Point
23126,King And Queen,Newtown
23127,James city,Norge
23128,Mathews,North
23129,Goochland,Oilville
23130,Mathews,Onemo
23131,Gloucester,Ordinary
23138,Mathews,Port Haywood
23139,Powhatan,Powhatan
23140,New Kent,Providence Forge
23141,New Kent,Quinton
23146,Hanover,Rockville
23147,Charles city,Ruthville
23148,King And Queen,Saint Stephens Church
23149,Middlesex,Saluda
23150,Henrico,Sandston
23153,Goochland,Sandy Hook
23154,Gloucester,Schley
23155,Gloucester,Severn
23156,King And Queen,Shacklefords
23160,Goochland,State Farm
23161,King And Queen,Stevensville
23162,Hanover,Studley
23163,Mathews,Susan
23168,James city,Toano
23169,Middlesex,Topping
23170,Louisa,Trevilians
23173,Richmond city,University Of Richmond
23175,Middlesex,Urbanna
23176,Middlesex,Wake
23177,King And Queen,Walkerton
23178,Gloucester,Ware Neck
23180,Middlesex,Water View
23181,King William,West Point
23183,Gloucester,White Marsh
23184,Gloucester,Wicomico
23185,James city,Williamsburg
23186,Williamsburg city,Williamsburg
23187,Williamsburg city,Williamsburg
23188,James city,Williamsburg
23190,Gloucester,Woods Cross Roads
23192,Hanover,Montpelier
23218,Richmond city,Richmond
23219,Richmond city,Richmond
23220,Richmond city,Richmond
23221,Richmond city,Richmond
23222,Richmond city,Richmond
23223,Richmond city,Richmond
23224,Richmond city,Richmond
23225,Richmond city,Richmond
23226,Henrico,Richmond
23227,Henrico,Richmond
23228,Henrico,Richmond
23229,Henrico,Richmond
23230,Henrico,Richmond
23231,Henrico,Richmond
23232,Richmond city,Richmond
23233,Henrico,Richmond
23234,Chesterfield,Richmond
23235,Chesterfield,Richmond
23236,Chesterfield,Richmond
23237,Chesterfield,Richmond
23238,Henrico,Richmond
23240,Richmond city,Richmond
23241,Richmond city,Richmond
23242,Henrico,Richmond
23249,Richmond city,Richmond
23250,Henrico,Richmond
23255,Henrico,Richmond
23260,Richmond city,Richmond
23261,Richmond city,Richmond
23269,Richmond city,Richmond
23273,Richmond city,Richmond
23274,Richmond city,Richmond
23276,Richmond city,Richmond
23278,Richmond city,Richmond
23279,Richmond city,Richmond
23282,Richmond city,Richmond
23284,Richmond city,Richmond
23285,Richmond city,Richmond
23286,Richmond city,Richmond
23288,Henrico,Richmond
23289,Richmond city,Richmond
23290,Richmond city,Richmond
23291,Richmond city,Richmond
23292,Richmond city,Richmond
23293,Richmond city,Richmond
23294,Henrico,Richmond
23295,Richmond city,Richmond
23297,Chesterfield,Richmond
23298,Richmond city,Richmond
23301,Accomack,Accomac
23302,Accomack,Assawoman
23303,Accomack,Atlantic
23304,Isle Of Wight,Battery Park
23306,Accomack,Belle Haven
23307,Northampton,Birdsnest
23308,Accomack,Bloxom
23310,Northampton,Cape Charles
23313,Northampton,Capeville
23314,Isle Of Wight,Carrollton
23315,Isle Of Wight,Carrsville
23316,Northampton,Cheriton
23320,Chesapeake city,Chesapeake
23321,Chesapeake city,Chesapeake
23322,Chesapeake city,Chesapeake
23323,Chesapeake city,Chesapeake
23324,Chesapeake city,Chesapeake
23325,Chesapeake city,Chesapeake
23326,Chesapeake city,Chesapeake
23327,Chesapeake city,Chesapeake
23328,Chesapeake city,Chesapeake
23336,Accomack,Chincoteague Island
23337,Accomack,Wallops Island
23341,Accomack,Craddockville
23345,Accomack,Davis Wharf
23347,Northampton,Eastville
23350,Northampton,Exmore
23354,Northampton,Franktown
23356,Accomack,Greenbackville
23357,Accomack,Greenbush
23358,Accomack,Hacksneck
23359,Accomack,Hallwood
23389,Accomack,Harborton
23395,Accomack,Horntown
23396,Accomack,Oak Hall
23397,Isle Of Wight,Isle Of Wight
23398,Northampton,Jamesville
23399,Accomack,Jenkins Bridge
23401,Accomack,Keller
23404,Accomack,Locustville
23405,Northampton,Machipongo
23407,Accomack,Mappsville
23408,Northampton,Marionville
23409,Accomack,Mears
23410,Accomack,Melfa
23412,Accomack,Modest Town
23413,Northampton,Nassawadox
23414,Accomack,Nelsonia
23415,Accomack,New Church
23416,Accomack,Oak Hall
23417,Accomack,Onancock
23418,Accomack,Onley
23419,Northampton,Oyster
23420,Accomack,Painter
23421,Accomack,Parksley
23422,Accomack,Pungoteague
23423,Accomack,Quinby
23424,Isle Of Wight,Rescue
23426,Accomack,Sanford
23427,Accomack,Saxis
23429,Northampton,Seaview
23430,Isle Of Wight,Smithfield
23431,Isle Of Wight,Smithfield
23432,Suffolk city,Suffolk
23433,Suffolk city,Suffolk
23434,Suffolk city,Suffolk
23435,Suffolk city,Suffolk
23436,Suffolk city,Suffolk
23437,Suffolk city,Suffolk
23438,Suffolk city,Suffolk
23439,Suffolk city,Suffolk
23440,Accomack,Tangier
23441,Accomack,Tasley
23442,Accomack,Temperanceville
23443,Northampton,Townsend
23450,Virginia Beach city,Virginia Beach
23451,Virginia Beach city,Virginia Beach
23452,Virginia Beach city,Virginia Beach
23453,Virginia Beach city,Virginia Beach
23454,Virginia Beach city,Virginia Beach
23455,Virginia Beach city,Virginia Beach
23456,Virginia Beach city,Virginia Beach
23457,Virginia Beach city,Virginia Beach
23458,Virginia Beach city,Virginia Beach
23459,Virginia Beach city,Virginia Beach
23460,Virginia Beach city,Virginia Beach
23461,Virginia Beach city,Virginia Beach
23462,Virginia Beach city,Virginia Beach
23463,Virginia Beach city,Virginia Beach
23464,Virginia Beach city,Virginia Beach
23465,Virginia Beach city,Virginia Beach
23466,Virginia Beach city,Virginia Beach
23467,Virginia Beach city,Virginia Beach
23471,Virginia Beach city,Virginia Beach
23479,Virginia Beach city,Virginia Beach
23480,Accomack,Wachapreague
23482,Northampton,Wardtown
23483,Accomack,Wattsville
23486,Northampton,Willis Wharf
23487,Isle Of Wight,Windsor
23488,Accomack,Withams
23501,Norfolk city,Norfolk
23502,Norfolk city,Norfolk
23503,Norfolk city,Norfolk
23504,Norfolk city,Norfolk
23505,Norfolk city,Norfolk
23506,Norfolk city,Norfolk
23507,Norfolk city,Norfolk
23508,Norfolk city,Norfolk
23509,Norfolk city,Norfolk
23510,Norfolk city,Norfolk
23511,Norfolk city,Norfolk
23512,Norfolk city,Norfolk
23513,Norfolk city,Norfolk
23514,Norfolk city,Norfolk
23515,Norfolk city,Norfolk
23517,Norfolk city,Norfolk
23518,Norfolk city,Norfolk
23519,Norfolk city,Norfolk
23520,Norfolk city,Norfolk
23521,Norfolk city,Norfolk
23523,Norfolk city,Norfolk
23529,Norfolk city,Norfolk
23541,Norfolk city,Norfolk
23551,Norfolk city,Norfolk
23601,Newport News city,Newport News
23602,Newport News city,Newport News
23603,Newport News city,Newport News
23604,Newport News city,Fort Eustis
23605,Newport News city,Newport News
23606,Newport News city,Newport News
23607,Newport News city,Newport News
23608,Newport News city,Newport News
23609,Newport News city,Newport News
23612,Newport News city,Newport News
23628,Newport News city,Newport News
23630,Hampton city,Hampton
23651,Hampton city,Fort Monroe
23661,Hampton city,Hampton
23662,Poquoson city,Poquoson
23663,Hampton city,Hampton
23664,Hampton city,Hampton
23665,York,Hampton
23666,Hampton city,Hampton
23667,Hampton city,Hampton
23668,Hampton city,Hampton
23669,Hampton city,Hampton
23670,Hampton city,Hampton
23681,Hampton city,Hampton
23690,York,Yorktown
23691,York,Yorktown
23692,York,Yorktown
23693,York,Yorktown
23694,York,Lackey
23696,York,Seaford
23701,Portsmouth city,Portsmouth
23702,Portsmouth city,Portsmouth
23703,Portsmouth city,Portsmouth
23704,Portsmouth city,Portsmouth
23705,Portsmouth city,Portsmouth
23707,Portsmouth city,Portsmouth
23708,Portsmouth city,Portsmouth
23709,Portsmouth city,Portsmouth
23801,Prince George,Fort Lee
23803,Petersburg city,Petersburg
23804,Petersburg city,Petersburg
23805,Petersburg city,Petersburg
23806,Petersburg city,Petersburg
23821,Brunswick,Alberta
23822,Dinwiddie,Ammon
23824,Nottoway,Blackstone
23825,Nottoway,Blackstone
23827,Southampton,Boykins
23828,Southampton,Branchville
23829,Southampton,Capron
23830,Dinwiddie,Carson
23831,Chesterfield,Chester
23832,Chesterfield,Chesterfield
23833,Dinwiddie,Church Road
23834,Colonial Heights city,Colonial Heights
23836,Chesterfield,Chester
23837,Southampton,Courtland
23838,Chesterfield,Chesterfield
23839,Surry,Dendron
23840,Dinwiddie,Dewitt
23841,Dinwiddie,Dinwiddie
23842,Prince George,Disputanta
23843,Brunswick,Dolphin
23844,Southampton,Drewryville
23845,Brunswick,Ebony
23846,Surry,Elberon
23847,Greensville,Emporia
23850,Dinwiddie,Ford
23851,Franklin city,Franklin
23856,Brunswick,Freeman
23857,Brunswick,Gasburg
23860,Hopewell city,Hopewell
23866,Southampton,Ivor
23867,Greensville,Jarratt
23868,Brunswick,Lawrenceville
23870,Greensville,Jarratt
23872,Dinwiddie,Mc Kenney
23873,Brunswick,Meredithville
23874,Southampton,Newsoms
23875,Prince George,Prince George
23876,Brunswick,Rawlings
23878,Southampton,Sedley
23879,Greensville,Skippers
23881,Surry,Spring Grove
23882,Sussex,Stony Creek
23883,Surry,Surry
23884,Sussex,Sussex
23885,Dinwiddie,Sutherland
23887,Brunswick,Valentines
23888,Sussex,Wakefield
23889,Brunswick,Warfield
23890,Sussex,Waverly
23891,Sussex,Waverly
23893,Brunswick,White Plains
23894,Dinwiddie,Wilsons
23897,Sussex,Yale
23898,Isle Of Wight,Zuni
23899,Surry,Claremont
23901,Prince Edward,Farmville
23909,Prince Edward,Farmville
23915,Mecklenburg,Baskerville
23917,Mecklenburg,Boydton
23919,Mecklenburg,Bracey
23920,Brunswick,Brodnax
23921,Buckingham,Buckingham
23922,Nottoway,Burkeville
23923,Charlotte,Charlotte Court House
23924,Mecklenburg,Chase city
23927,Mecklenburg,Clarksville
23930,Nottoway,Crewe
23934,Charlotte,Cullen
23936,Buckingham,Dillwyn
23937,Charlotte,Drakes Branch
23938,Lunenburg,Dundas
23939,Appomattox,Evergreen
23941,Lunenburg,Fort Mitchell
23942,Prince Edward,Green Bay
23943,Prince Edward,Hampden Sydney
23944,Lunenburg,Kenbridge
23947,Charlotte,Keysville
23950,Mecklenburg,La Crosse
23952,Lunenburg,Lunenburg
23954,Prince Edward,Meherrin
23955,Nottoway,Nottoway
23958,Appomattox,Pamplin
23959,Charlotte,Phenix
23960,Prince Edward,Prospect
23962,Charlotte,Randolph
23963,Charlotte,Red House
23964,Charlotte,Red Oak
23966,Prince Edward,Rice
23967,Charlotte,Saxe
23968,Mecklenburg,Skipwith
23970,Mecklenburg,South Hill
23974,Lunenburg,Victoria
23976,Charlotte,Wylliesburg
24001,Roanoke city,Roanoke
24002,Roanoke city,Roanoke
24003,Roanoke city,Roanoke
24004,Roanoke city,Roanoke
24005,Roanoke city,Roanoke
24006,Roanoke city,Roanoke
24007,Roanoke city,Roanoke
24008,Roanoke city,Roanoke
24009,Roanoke city,Roanoke
24010,Roanoke city,Roanoke
24011,Roanoke city,Roanoke
24012,Roanoke city,Roanoke
24013,Roanoke city,Roanoke
24014,Roanoke city,Roanoke
24015,Roanoke city,Roanoke
24016,Roanoke city,Roanoke
24017,Roanoke city,Roanoke
24018,Roanoke,Roanoke
24019,Roanoke,Roanoke
24020,Roanoke,Roanoke
24022,Roanoke city,Roanoke
24023,Roanoke city,Roanoke
24024,Roanoke city,Roanoke
24025,Roanoke city,Roanoke
24026,Roanoke city,Roanoke
24027,Roanoke city,Roanoke
24028,Roanoke city,Roanoke
24029,Roanoke city,Roanoke
24030,Roanoke city,Roanoke
24031,Roanoke city,Roanoke
24032,Roanoke city,Roanoke
24033,Roanoke city,Roanoke
24034,Roanoke city,Roanoke
24035,Roanoke city,Roanoke
24036,Roanoke city,Roanoke
24037,Roanoke city,Roanoke
24038,Roanoke city,Roanoke
24040,Roanoke city,Roanoke
24042,Roanoke city,Roanoke
24043,Roanoke city,Roanoke
24044,Roanoke city,Roanoke
24045,Roanoke city,Roanoke
24048,Roanoke city,Roanoke
24050,Botetourt,Roanoke
24053,Patrick,Ararat
24054,Henry,Axton
24055,Henry,Bassett
24058,Pulaski,Belspring
24059,Roanoke,Bent Mountain
24060,Montgomery,Blacksburg
24061,Montgomery,Blacksburg
24062,Montgomery,Blacksburg
24063,Montgomery,Blacksburg
24064,Botetourt,Blue Ridge
24065,Franklin,Boones Mill
24066,Botetourt,Buchanan
24067,Franklin,Callaway
24068,Montgomery,Christiansburg
24069,Pittsylvania,Cascade
24070,Roanoke,Catawba
24072,Floyd,Check
24073,Montgomery,Christiansburg
24076,Patrick,Claudville
24077,Botetourt,Cloverdale
24078,Henry,Collinsville
24079,Floyd,Copper Hill
24082,Patrick,Critz
24083,Botetourt,Daleville
24084,Pulaski,Dublin
24085,Botetourt,Eagle Rock
24086,Giles,Eggleston
24087,Montgomery,Elliston
24088,Franklin,Ferrum
24089,Henry,Fieldale
24090,Botetourt,Fincastle
24091,Floyd,Floyd
24092,Franklin,Glade Hill
24093,Giles,Glen Lyn
24095,Bedford,Goodview
24101,Franklin,Hardy
24102,Franklin,Henry
24104,Bedford,Huddleston
24105,Floyd,Indian Valley
24111,Montgomery,Mc Coy
24112,Martinsville city,Martinsville
24113,Martinsville city,Martinsville
24114,Martinsville city,Martinsville
24115,Martinsville city,Martinsville
24120,Patrick,Meadows Of Dan
24121,Bedford,Moneta
24122,Bedford,Montvale
24124,Giles,Narrows
24126,Pulaski,Newbern
24127,Craig,New Castle
24128,Giles,Newport
24129,Pulaski,New River
24130,Botetourt,Oriskany
24131,Craig,Paint Bank
24132,Pulaski,Parrott
24133,Patrick,Patrick Springs
24134,Giles,Pearisburg
24136,Giles,Pembroke
24137,Franklin,Penhook
24138,Montgomery,Pilot
24139,Pittsylvania,Pittsville
24141,Radford,Radford
24142,Radford,Radford
24143,Radford,Radford
24146,Franklin,Redwood
24147,Giles,Rich Creek
24148,Henry,Ridgeway
24149,Montgomery,Riner
24150,Giles,Ripplemead
24151,Franklin,Rocky Mount
24153,Salem,Salem
24155,Salem,Roanoke
24157,Salem,Roanoke
24161,Pittsylvania,Sandy Level
24162,Montgomery,Shawsville
24165,Henry,Spencer
24167,Giles,Staffordsville
24168,Henry,Stanleytown
24171,Patrick,Stuart
24174,Bedford,Thaxton
24175,Botetourt,Troutville
24176,Franklin,Union Hall
24177,Patrick,Vesta
24178,Bedford,Villamont
24179,Roanoke,Vinton
24184,Franklin,Wirtz
24185,Patrick,Woolwine
24201,Bristol,Bristol
24202,Washington,Bristol
24203,Bristol,Bristol
24209,Bristol,Bristol
24210,Washington,Abingdon
24211,Washington,Abingdon
24212,Washington,Abingdon
24215,Wise,Andover
24216,Wise,Appalachia
24217,Dickenson,Bee
24218,Lee,Ben Hur
24219,Wise,Big Stone Gap
24220,Dickenson,Birchleaf
24221,Lee,Blackwater
24224,Russell,Castlewood
24225,Russell,Cleveland
24226,Dickenson,Clinchco
24228,Dickenson,Clintwood
24230,Wise,Coeburn
24236,Washington,Damascus
24237,Russell,Dante
24239,Buchanan,Davenport
24243,Lee,Dryden
24244,Scott,Duffield
24245,Scott,Dungannon
24246,Wise,East Stone Gap
24248,Lee,Ewing
24250,Scott,Fort Blackmore
24251,Scott,Gate city
24256,Dickenson,Haysi
24258,Scott,Hiltons
24260,Russell,Honaker
24263,Lee,Jonesville
24265,Lee,Keokee
24266,Russell,Lebanon
24269,Dickenson,Mc Clure
24270,Washington,Mendota
24271,Scott,Nickelsville
24272,Dickenson,Nora
24273,Norton city,Norton
24277,Lee,Pennington Gap
24279,Wise,Pound
24280,Russell,Rosedale
24281,Lee,Rose Hill
24282,Lee,Saint Charles
24283,Wise,Saint Paul
24290,Scott,Weber city
24292,Grayson,Whitetop
24293,Wise,Wise
24301,Pulaski,Pulaski
24311,Smyth,Atkins
24312,Wythe,Austinville
24313,Wythe,Barren Springs
24314,Bland,Bastian
24315,Bland,Bland
24316,Tazewell,Broadford
24317,Carroll,Cana
24318,Bland,Ceres
24319,Smyth,Chilhowie
24322,Wythe,Cripple Creek
24323,Wythe,Crockett
24324,Pulaski,Draper
24325,Carroll,Dugspur
24326,Grayson,Elk Creek
24327,Washington,Emory
24328,Carroll,Fancy Gap
24330,Grayson,Fries
24333,Galax city,Galax
24340,Washington,Glade Spring
24343,Carroll,Hillsville
24347,Pulaski,Hiwassee
24348,Grayson,Independence
24350,Wythe,Ivanhoe
24351,Carroll,Lambsburg
24352,Carroll,Laurel Fork
24354,Smyth,Marion
24360,Wythe,Max Meadows
24361,Washington,Meadowview
24363,Grayson,Mouth Of Wilson
24366,Bland,Rocky Gap
24368,Wythe,Rural Retreat
24370,Smyth,Saltville
24374,Wythe,Speedwell
24375,Smyth,Sugar Grove
24377,Tazewell,Tannersville
24378,Grayson,Troutdale
24380,Floyd,Willis
24381,Carroll,Woodlawn
24382,Wythe,Wytheville
24401,Staunton city,Staunton
24402,Staunton city,Staunton
24411,Augusta,Augusta Springs
24412,Bath,Bacova
24413,Highland,Blue Grass
24415,Rockbridge,Brownsburg
24416,Buena Vista city,Buena Vista
24421,Augusta,Churchville
24422,Alleghany,Clifton Forge
24426,Covington city,Covington
24430,Augusta,Craigsville
24431,Augusta,Crimora
24432,Augusta,Deerfield
24433,Highland,Doe Hill
24435,Rockbridge,Fairfield
24437,Augusta,Fort Defiance
24438,Botetourt,Glen Wilton
24439,Rockbridge,Goshen
24440,Augusta,Greenville
24441,Rockingham,Grottoes
24442,Highland,Head Waters
24445,Bath,Hot Springs
24448,Alleghany,Iron Gate
24450,Lexington city,Lexington
24457,Alleghany,Low Moor
24458,Highland,Mc Dowell
24459,Augusta,Middlebrook
24460,Bath,Millboro
24463,Augusta,Mint Spring
24464,Nelson,Montebello
24465,Highland,Monterey
24467,Augusta,Mount Sidney
24468,Highland,Mustoe
24469,Augusta,New Hope
24471,Rockingham,Port Republic
24472,Rockbridge,Raphine
24473,Rockbridge,Rockbridge Baths
24474,Alleghany,Selma
24476,Augusta,Steeles Tavern
24477,Augusta,Stuarts Draft
24479,Augusta,Swoope
24482,Augusta,Verona
24483,Rockbridge,Vesuvius
24484,Bath,Warm Springs
24485,Augusta,West Augusta
24486,Augusta,Weyers Cave
24487,Bath,Williamsville
24501,Lynchburg city,Lynchburg
24502,Lynchburg city,Lynchburg
24503,Lynchburg city,Lynchburg
24504,Lynchburg city,Lynchburg
24505,Lynchburg city,Lynchburg
24506,Lynchburg city,Lynchburg
24512,Lynchburg city,Lynchburg
24513,Lynchburg city,Lynchburg
24514,Lynchburg city,Lynchburg
24515,Lynchburg city,Lynchburg
24517,Campbell,Altavista
24520,Halifax,Alton
24521,Amherst,Amherst
24522,Appomattox,Appomattox
24523,Bedford,Bedford
24526,Bedford,Big Island
24527,Pittsylvania,Blairs
24528,Campbell,Brookneal
24529,Mecklenburg,Buffalo Junction
24530,Pittsylvania,Callands
24531,Pittsylvania,Chatham
24533,Amherst,Clifford
24534,Halifax,Clover
24535,Halifax,Cluster Springs
24536,Bedford,Coleman Falls
24538,Campbell,Concord
24539,Halifax,Crystal Hill
24540,Danville city,Danville
24541,Danville city,Danville
24543,Danville city,Danville
24544,Danville city,Danville
24549,Pittsylvania,Dry Fork
24550,Campbell,Evington
24551,Bedford,Forest
24553,Nelson,Gladstone
24554,Campbell,Gladys
24555,Rockbridge,Glasgow
24556,Bedford,Goode
24557,Pittsylvania,Gretna
24558,Halifax,Halifax
24562,Buckingham,Howardsville
24563,Pittsylvania,Hurt
24565,Pittsylvania,Java
24566,Pittsylvania,Keeling
24569,Pittsylvania,Long Island
24570,Bedford,Lowry
24571,Campbell,Lynch Station
24572,Amherst,Madison Heights
24574,Amherst,Monroe
24576,Campbell,Naruna
24577,Halifax,Nathalie
24578,Rockbridge,Natural Bridge
24579,Rockbridge,Natural Bridge Station
24580,Mecklenburg,Nelson
24581,Nelson,Norwood
24586,Pittsylvania,Ringgold
24588,Campbell,Rustburg
24589,Halifax,Scottsburg
24590,Albemarle,Scottsville
24592,Halifax,South Boston
24593,Appomattox,Spout Spring
24594,Pittsylvania,Sutherlin
24595,Amherst,Sweet Briar
24597,Halifax,Vernon Hill
24598,Halifax,Virgilina
24599,Buckingham,Wingina
24601,Tazewell,Amonate
24602,Tazewell,Bandy
24603,Buchanan,Big Rock
24604,Tazewell,Bishop
24605,Tazewell,Bluefield
24606,Tazewell,Boissevain
24607,Dickenson,Breaks
24608,Tazewell,Burkes Garden
24609,Tazewell,Cedar Bluff
24612,Tazewell,Doran
24613,Tazewell,Falls Mills
24614,Buchanan,Grundy
24619,Tazewell,Horsepen
24620,Buchanan,Hurley
24622,Tazewell,Jewell Ridge
24624,Buchanan,Keen Mountain
24627,Buchanan,Mavisdale
24628,Buchanan,Maxie
24630,Tazewell,North Tazewell
24631,Buchanan,Oakwood
24634,Buchanan,Pilgrims Knob
24635,Tazewell,Pocahontas
24637,Tazewell,Pounding Mill
24639,Buchanan,Raven
24640,Tazewell,Red Ash
24641,Tazewell,Richlands
24646,Buchanan,Rowe
24647,Buchanan,Shortt Gap
24649,Russell,Swords Creek
24651,Tazewell,Tazewell
24656,Buchanan,Vansant
24657,Buchanan,Whitewood
24658,Buchanan,Wolford
24701,Mercer,Bluefield
24712,Mercer,Athens
24714,Mercer,Beeson
24715,Mercer,Bramwell
24716,Wyoming,Bud
24719,Wyoming,Covel
24724,Mercer,Freeman
24726,Wyoming,Herndon
24729,Mercer,Hiawatha
24731,Mercer,Kegley
24732,Mercer,Kellysville
24733,Mercer,Lashmeet
24736,Mercer,Matoaka
24737,Mercer,Montcalm
24738,Mercer,Nemours
24739,Mercer,Oakvale
24740,Mercer,Princeton
24747,Mercer,Rock
24751,Mercer,Wolfe
24801,Mcdowell,Welch
24808,Mcdowell,Anawalt
24811,Mcdowell,Avondale
24813,Mcdowell,Bartley
24815,Mcdowell,Berwind
24816,Mcdowell,Big Sandy
24817,Mcdowell,Bradshaw
24818,Wyoming,Brenton
24822,Wyoming,Clear Fork
24823,Wyoming,Coal Mountain
24824,Mcdowell,Coalwood
24826,Mcdowell,Cucumber
24827,Wyoming,Cyclone
24828,Mcdowell,Davy
24829,Mcdowell,Eckman
24830,Mcdowell,Elbert
24831,Mcdowell,Elkhorn
24834,Wyoming,Fanrock
24836,Mcdowell,Gary
24839,Wyoming,Hanover
24842,Mcdowell,Hemphill
24843,Mcdowell,Hensley
24844,Mcdowell,Iaeger
24845,Wyoming,Ikes Fork
24846,Mcdowell,Isaban
24847,Wyoming,Itmann
24848,Mcdowell,Jenkinjones
24849,Wyoming,Jesse
24850,Mcdowell,Jolo
24851,Mingo,Justice
24853,Mcdowell,Kimball
24854,Wyoming,Kopperston
24855,Mcdowell,Kyle
24857,Wyoming,Lynco
24859,Wyoming,Marianna
24860,Wyoming,Matheny
24861,Mcdowell,Maybeury
24862,Mcdowell,Mohawk
24866,Mcdowell,Newhall
24867,Wyoming,New Richmond
24868,Mcdowell,Northfork
24869,Wyoming,North Spring
24870,Wyoming,Oceana
24871,Mcdowell,Pageton
24872,Mcdowell,Panther
24873,Mcdowell,Paynesville
24874,Wyoming,Pineville
24878,Mcdowell,Premier
24879,Mcdowell,Raysal
24880,Wyoming,Rock View
24881,Mcdowell,Roderfield
24882,Wyoming,Simon
24884,Mcdowell,Squire
24887,Mcdowell,Switchback
24888,Mcdowell,Thorpe
24892,Mcdowell,War
24894,Mcdowell,Warriormine
24895,Mcdowell,Wilcoe
24898,Wyoming,Wyoming
24901,Greenbrier,Lewisburg
24902,Greenbrier,Fairlea
24910,Greenbrier,Alderson
24915,Pocahontas,Arbovale
24916,Greenbrier,Asbury
24918,Monroe,Ballard
24920,Pocahontas,Bartow
24924,Pocahontas,Buckeye
24925,Greenbrier,Caldwell
24927,Pocahontas,Cass
24931,Greenbrier,Crawley
24934,Pocahontas,Dunmore
24935,Summers,Forest Hill
24938,Greenbrier,Frankford
24941,Monroe,Gap Mills
24943,Greenbrier,Grassy Meadows
24944,Pocahontas,Green Bank
24945,Monroe,Greenville
24946,Pocahontas,Hillsboro
24951,Monroe,Lindside
24954,Pocahontas,Marlinton
24957,Greenbrier,Maxwelton
24961,Greenbrier,Neola
24962,Summers,Pence Springs
24963,Monroe,Peterstown
24966,Greenbrier,Renick
24970,Greenbrier,Ronceverte
24974,Monroe,Secondcreek
24976,Monroe,Sinks Grove
24977,Greenbrier,Smoot
24981,Summers,Talcott
24983,Monroe,Union
24984,Monroe,Waiteville
24985,Monroe,Wayside
24986,Greenbrier,White Sulphur Springs
24991,Greenbrier,Williamsburg
24993,Monroe,Wolfcreek
25002,Fayette,Alloy
25003,Kanawha,Alum Creek
25005,Roane,Amma
25007,Raleigh,Arnett
25008,Raleigh,Artie
25009,Boone,Ashford
25011,Putnam,Bancroft
25015,Kanawha,Belle
25019,Clay,Bickmore
25021,Boone,Bim
25022,Logan,Blair
25024,Boone,Bloomingrose
25025,Kanawha,Blount
25026,Kanawha,Blue Creek
25028,Boone,Bob White
25030,Clay,Bomont
25031,Fayette,Boomer
25033,Putnam,Buffalo
25035,Kanawha,Cabin Creek
25036,Fayette,Cannelton
25039,Kanawha,Cedar Grove
25040,Fayette,Charlton Heights
25043,Clay,Clay
25044,Raleigh,Clear Creek
25045,Kanawha,Clendenin
25047,Logan,Clothier
25048,Raleigh,Colcord
25049,Boone,Comfort
25051,Boone,Costa
25053,Boone,Danville
25054,Kanawha,Dawes
25057,Fayette,Deep Water
25059,Nicholas,Dixie
25060,Raleigh,Dorothy
25061,Kanawha,Drybranch
25062,Raleigh,Dry Creek
25063,Clay,Duck
25064,Kanawha,Dunbar
25067,Kanawha,East Bank
25070,Putnam,Eleanor
25071,Kanawha,Elkview
25075,Kanawha,Eskdale
25076,Logan,Ethel
25079,Kanawha,Falling Rock
25081,Boone,Foster
25082,Putnam,Fraziers Bottom
25083,Kanawha,Gallagher
25085,Fayette,Gauley Bridge
25086,Kanawha,Glasgow
25088,Clay,Glen
25090,Fayette,Glen Ferris
25093,Boone,Gordon
25102,Kanawha,Handley
25103,Kanawha,Hansford
25106,Mason,Henderson
25107,Kanawha,Hernshaw
25108,Boone,Hewett
25109,Putnam,Hometown
25110,Kanawha,Hugheston
25111,Clay,Indore
25112,Kanawha,Institute
25113,Clay,Ivydale
25114,Boone,Jeffrey
25115,Fayette,Kanawha Falls
25118,Fayette,Kimberly
25119,Fayette,Kincaid
25121,Logan,Lake
25123,Mason,Leon
25124,Putnam,Liberty
25125,Clay,Lizemores
25126,Kanawha,London
25130,Boone,Madison
25132,Kanawha,Mammoth
25133,Clay,Maysel
25134,Kanawha,Miami
25136,Fayette,Montgomery
25139,Fayette,Mount Carbon
25140,Raleigh,Naoma
25141,Clay,Nebo
25142,Boone,Nellis
25143,Kanawha,Nitro
25148,Boone,Orgas
25149,Boone,Ottawa
25152,Fayette,Page
25154,Boone,Peytona
25156,Kanawha,Pinch
25159,Putnam,Poca
25160,Kanawha,Pond Gap
25161,Fayette,Powellton
25162,Kanawha,Pratt
25164,Clay,Procious
25165,Boone,Racine
25168,Putnam,Red House
25169,Boone,Ridgeview
25173,Fayette,Robson
25174,Raleigh,Rock Creek
25177,Kanawha,Saint Albans
25180,Boone,Saxon
25181,Boone,Seth
25183,Logan,Sharples
25185,Fayette,Mount Olive
25186,Fayette,Smithers
25187,Mason,Southside
25193,Boone,Sylvester
25201,Kanawha,Tad
25202,Kanawha,Tornado
25203,Boone,Turtle Creek
25204,Boone,Twilight
25205,Boone,Uneeda
25206,Boone,Van
25208,Boone,Wharton
25209,Boone,Whitesville
25211,Clay,Widen
25213,Putnam,Winfield
25214,Kanawha,Winifrede
25231,Jackson,Advent
25234,Calhoun,Arnoldsburg
25235,Calhoun,Chloe
25239,Jackson,Cottageville
25241,Jackson,Evans
25243,Roane,Gandeeville
25244,Jackson,Gay
25245,Jackson,Given
25247,Mason,Hartford
25248,Jackson,Kenna
25251,Roane,Left Hand
25252,Jackson,Le Roy
25253,Mason,Letart
25259,Roane,Looneyville
25260,Mason,Mason
25261,Calhoun,Millstone
25262,Jackson,Millwood
25264,Mason,Mount Alto
25265,Mason,New Haven
25266,Roane,Newton
25267,Gilmer,Normantown
25268,Calhoun,Orma
25270,Roane,Reedy
25271,Jackson,Ripley
25275,Jackson,Sandyville
25276,Roane,Spencer
25285,Clay,Wallback
25286,Roane,Walton
25287,Mason,West Columbia
25301,Kanawha,Charleston
25302,Kanawha,Charleston
25303,Kanawha,Charleston
25304,Kanawha,Charleston
25305,Kanawha,Charleston
25306,Kanawha,Charleston
25309,Kanawha,Charleston
25311,Kanawha,Charleston
25312,Kanawha,Charleston
25313,Kanawha,Charleston
25314,Kanawha,Charleston
25315,Kanawha,Charleston
25317,Kanawha,Charleston
25320,Kanawha,Charleston
25321,Kanawha,Charleston
25322,Kanawha,Charleston
25323,Kanawha,Charleston
25324,Kanawha,Charleston
25325,Kanawha,Charleston
25326,Kanawha,Charleston
25327,Kanawha,Charleston
25328,Kanawha,Charleston
25329,Kanawha,Charleston
25330,Kanawha,Charleston
25331,Kanawha,Charleston
25332,Kanawha,Charleston
25333,Kanawha,Charleston
25334,Kanawha,Charleston
25335,Kanawha,Charleston
25336,Kanawha,Charleston
25337,Kanawha,Charleston
25338,Kanawha,Charleston
25339,Kanawha,Charleston
25350,Kanawha,Charleston
25356,Kanawha,Charleston
25357,Kanawha,Charleston
25358,Kanawha,Charleston
25360,Kanawha,Charleston
25361,Kanawha,Charleston
25362,Kanawha,Charleston
25364,Kanawha,Charleston
25365,Kanawha,Charleston
25375,Kanawha,Charleston
25387,Kanawha,Charleston
25389,Kanawha,Charleston
25392,Kanawha,Charleston
25396,Kanawha,Charleston
25401,Berkeley,Martinsburg
25402,Berkeley,Martinsburg
25403,Berkeley,Martinsburg
25404,Berkeley,Martinsburg
25405,Berkeley,Martinsburg
25410,Jefferson,Bakerton
25411,Morgan,Berkeley Springs
25413,Berkeley,Bunker Hill
25414,Jefferson,Charles Town
25419,Berkeley,Falling Waters
25420,Berkeley,Gerrardstown
25421,Berkeley,Glengary
25422,Morgan,Great Cacapon
25423,Jefferson,Halltown
25425,Jefferson,Harpers Ferry
25427,Berkeley,Hedgesville
25428,Berkeley,Inwood
25429,Berkeley,Martinsburg
25430,Jefferson,Kearneysville
25431,Hampshire,Levels
25432,Jefferson,Millville
25434,Morgan,Paw Paw
25437,Hampshire,Points
25438,Jefferson,Ranson
25440,Berkeley,Ridgeway
25441,Jefferson,Rippon
25442,Jefferson,Shenandoah Junction
25443,Jefferson,Shepherdstown
25444,Hampshire,Slanesville
25446,Jefferson,Summit Point
25501,Lincoln,Alkol
25502,Mason,Apple Grove
25503,Mason,Ashton
25504,Cabell,Barboursville
25505,Logan,Big Creek
25506,Lincoln,Branchland
25507,Wayne,Ceredo
25508,Logan,Chapmanville
25510,Cabell,Culloden
25511,Wayne,Dunlow
25512,Wayne,East Lynn
25514,Wayne,Fort Gay
25515,Mason,Gallipolis Ferry
25517,Wayne,Genoa
25520,Mason,Glenwood
25521,Lincoln,Griffithsville
25523,Lincoln,Hamlin
25524,Lincoln,Harts
25526,Putnam,Hurricane
25529,Boone,Julian
25530,Wayne,Kenova
25534,Wayne,Kiahsville
25535,Wayne,Lavalette
25537,Cabell,Lesage
25540,Lincoln,Midkiff
25541,Cabell,Milton
25544,Lincoln,Myra
25545,Cabell,Ona
25547,Logan,Pecks Mill
25550,Mason,Point Pleasant
25555,Wayne,Prichard
25557,Lincoln,Ranger
25559,Cabell,Salt Rock
25560,Putnam,Scott Depot
25562,Wayne,Shoals
25564,Lincoln,Sod
25565,Lincoln,Spurlockville
25567,Lincoln,Sumerco
25569,Putnam,Teays
25570,Wayne,Wayne
25571,Lincoln,West Hamlin
25572,Boone,Woodville
25573,Lincoln,Yawkey
25601,Logan,Logan
25606,Logan,Accoville
25607,Logan,Amherstdale
25608,Mingo,Baisden
25611,Logan,Bruno
25612,Logan,Chauncey
25614,Logan,Cora
25617,Logan,Davin
25621,Mingo,Gilbert
25624,Logan,Henlawson
25625,Logan,Holden
25628,Logan,Kistler
25630,Logan,Lorado
25632,Logan,Lyburn
25634,Logan,Mallory
25635,Logan,Man
25637,Logan,Mount Gay
25638,Logan,Omar
25639,Logan,Peach Creek
25644,Logan,Sarah Ann
25646,Logan,Stollings
25647,Logan,Switzer
25649,Logan,Verdunville
25650,Mingo,Verner
25651,Mingo,Wharncliffe
25652,Logan,Whitman
25653,Logan,Wilkinson
25654,Logan,Yolyn
25661,Mingo,Williamson
25665,Mingo,Borderland
25666,Mingo,Breeden
25667,Mingo,Chattaroy
25669,Wayne,Crum
25670,Mingo,Delbarton
25671,Mingo,Dingess
25672,Mingo,Edgarton
25674,Mingo,Kermit
25676,Mingo,Lenore
25678,Mingo,Matewan
25685,Mingo,Naugatuck
25686,Mingo,Newtown
25688,Mingo,North Matewan
25690,Mingo,Ragland
25691,Mingo,Rawl
25692,Mingo,Red Jacket
25696,Mingo,Varney
25697,Mingo,Vulcan
25699,Wayne,Wilsondale
25701,Cabell,Huntington
25702,Cabell,Huntington
25703,Cabell,Huntington
25704,Wayne,Huntington
25705,Cabell,Huntington
25706,Cabell,Huntington
25707,Cabell,Huntington
25708,Cabell,Huntington
25709,Cabell,Huntington
25710,Cabell,Huntington
25711,Cabell,Huntington
25712,Cabell,Huntington
25713,Cabell,Huntington
25714,Cabell,Huntington
25715,Cabell,Huntington
25716,Cabell,Huntington
25717,Cabell,Huntington
25718,Cabell,Huntington
25719,Cabell,Huntington
25720,Cabell,Huntington
25721,Cabell,Huntington
25722,Cabell,Huntington
25723,Cabell,Huntington
25724,Cabell,Huntington
25725,Cabell,Huntington
25726,Cabell,Huntington
25727,Cabell,Huntington
25728,Cabell,Huntington
25729,Cabell,Huntington
25755,Cabell,Huntington
25770,Cabell,Huntington
25771,Cabell,Huntington
25772,Cabell,Huntington
25773,Cabell,Huntington
25774,Cabell,Huntington
25775,Cabell,Huntington
25776,Cabell,Huntington
25777,Cabell,Huntington
25778,Cabell,Huntington
25779,Cabell,Huntington
25801,Raleigh,Beckley
25802,Raleigh,Beckley
25810,Wyoming,Allen Junction
25811,Wyoming,Amigo
25812,Fayette,Ansted
25813,Raleigh,Beaver
25816,Raleigh,Blue Jay
25817,Raleigh,Bolt
25818,Raleigh,Bradley
25820,Mercer,Camp Creek
25823,Raleigh,Coal city
25825,Raleigh,Cool Ridge
25826,Wyoming,Corinne
25827,Raleigh,Crab Orchard
25831,Fayette,Danese
25832,Raleigh,Daniels
25833,Fayette,Dothan
25836,Raleigh,Eccles
25837,Fayette,Edmond
25839,Raleigh,Fairdale
25840,Fayette,Fayetteville
25841,Mercer,Flat Top
25843,Raleigh,Ghent
25844,Raleigh,Glen Daniel
25845,Wyoming,Glen Fork
25846,Fayette,Glen Jean
25848,Wyoming,Glen Rogers
25849,Raleigh,Glen White
25851,Raleigh,Harper
25853,Raleigh,Helen
25854,Fayette,Hico
25855,Fayette,Hilltop
25857,Raleigh,Josephine
25860,Raleigh,Lanark
25862,Fayette,Lansing
25864,Fayette,Layland
25865,Raleigh,Lester
25866,Fayette,Lochgelly
25868,Fayette,Lookout
25870,Wyoming,Maben
25871,Raleigh,Mabscott
25873,Raleigh,Mac Arthur
25875,Wyoming,Mc Graws
25876,Wyoming,Saulsville
25878,Raleigh,Midway
25879,Fayette,Minden
25880,Fayette,Mount Hope
25882,Wyoming,Mullens
25901,Fayette,Oak Hill
25902,Raleigh,Odd
25904,Fayette,Pax
25906,Raleigh,Piney View
25907,Fayette,Prince
25908,Raleigh,Princewick
25909,Raleigh,Prosperity
25911,Raleigh,Raleigh
25913,Wyoming,Ravencliff
25914,Fayette,Redstar
25915,Raleigh,Rhodell
25916,Wyoming,Sabine
25917,Fayette,Scarbro
25918,Raleigh,Shady Spring
25919,Raleigh,Skelton
25920,Raleigh,Slab Fork
25921,Raleigh,Sophia
25922,Mercer,Spanishburg
25926,Raleigh,Sprague
25927,Raleigh,Stanaford
25928,Wyoming,Stephenson
25932,Raleigh,Surveyor
25936,Fayette,Thurmond
25938,Fayette,Victor
25942,Fayette,Winona
25943,Wyoming,Wyco
25951,Summers,Hinton
25958,Greenbrier,Charmco
25962,Greenbrier,Rainelle
25965,Summers,Elton
25966,Summers,Green Sulphur Springs
25969,Summers,Jumping Branch
25971,Mercer,Lerona
25972,Greenbrier,Leslie
25976,Fayette,Meadow Bridge
25977,Summers,Meadow Creek
25978,Summers,Nimitz
25979,Summers,Pipestem
25981,Greenbrier,Quinwood
25984,Greenbrier,Rupert
25985,Summers,Sandstone
25986,Fayette,Spring Dale
25989,Raleigh,White Oak
26003,Ohio,Wheeling
26030,Brooke,Beech Bottom
26031,Marshall,Benwood
26032,Brooke,Bethany
26033,Marshall,Cameron
26034,Hancock,Chester
26035,Brooke,Colliers
26036,Marshall,Dallas
26037,Brooke,Follansbee
26038,Marshall,Glen Dale
26039,Marshall,Glen Easton
26040,Marshall,Mcmechen
26041,Marshall,Moundsville
26047,Hancock,New Cumberland
26050,Hancock,Newell
26055,Marshall,Proctor
26056,Hancock,New Manchester
26058,Brooke,Short Creek
26059,Ohio,Triadelphia
26060,Ohio,Valley Grove
26062,Hancock,Weirton
26070,Brooke,Wellsburg
26074,Ohio,West Liberty
26075,Brooke,Windsor Heights
26101,Wood,Parkersburg
26102,Wood,Parkersburg
26103,Wood,Parkersburg
26104,Wood,Parkersburg
26105,Wood,Vienna
26106,Wood,Parkersburg
26120,Wood,Mineral Wells
26121,Wood,Mineral Wells
26133,Wood,Belleville
26134,Pleasants,Belmont
26136,Calhoun,Big Bend
26137,Calhoun,Big Springs
26138,Wirt,Brohard
26141,Wirt,Creston
26142,Wood,Davisville
26143,Wirt,Elizabeth
26146,Tyler,Friendly
26147,Calhoun,Grantsville
26148,Ritchie,Macfarlan
26149,Tyler,Middlebourne
26150,Wood,Mineral Wells
26151,Calhoun,Mount Zion
26152,Calhoun,Munday
26155,Wetzel,New Martinsville
26159,Wetzel,Paden city
26160,Wirt,Palestine
26161,Ritchie,Petroleum
26162,Wetzel,Porters Falls
26164,Jackson,Ravenswood
26167,Wetzel,Reader
26169,Wood,Rockport
26170,Pleasants,Saint Marys
26175,Tyler,Sistersville
26178,Ritchie,Smithville
26180,Wood,Walker
26181,Wood,Washington
26184,Wood,Waverly
26186,Wetzel,Wileyville
26187,Wood,Williamstown
26201,Upshur,Buckhannon
26202,Nicholas,Fenwick
26203,Webster,Erbacon
26205,Nicholas,Craigsville
26206,Webster,Cowen
26208,Webster,Camden On Gauley
26209,Pocahontas,Snowshoe
26210,Upshur,Adrian
26215,Upshur,Cleveland
26217,Webster,Diana
26218,Upshur,French Creek
26219,Upshur,Frenchton
26222,Webster,Hacker Valley
26224,Randolph,Helvetia
26228,Upshur,Kanawha Head
26229,Upshur,Lorentz
26230,Randolph,Pickens
26234,Upshur,Rock Cave
26236,Upshur,Selbyville
26237,Upshur,Tallmansville
26238,Barbour,Volga
26241,Randolph,Elkins
26250,Barbour,Belington
26253,Randolph,Beverly
26254,Tucker,Bowden
26257,Randolph,Coalton
26259,Randolph,Dailey
26260,Tucker,Davis
26261,Nicholas,Richwood
26263,Randolph,Dryfork
26264,Pocahontas,Durbin
26266,Webster,Upperglade
26267,Randolph,Ellamore
26268,Randolph,Glady
26269,Tucker,Hambleton
26270,Randolph,Harman
26271,Tucker,Hendricks
26273,Randolph,Huttonsville
26275,Barbour,Junior
26276,Randolph,Kerens
26278,Randolph,Mabie
26280,Randolph,Mill Creek
26282,Randolph,Monterville
26283,Randolph,Montrose
26285,Randolph,Norton
26287,Tucker,Parsons
26288,Webster,Webster Springs
26289,Tucker,Red Creek
26291,Pocahontas,Slatyfork
26292,Tucker,Thomas
26293,Randolph,Valley Bend
26294,Randolph,Valley Head
26296,Randolph,Whitmer
26298,Webster,Bergoo
26301,Harrison,Clarksburg
26302,Harrison,Clarksburg
26306,Harrison,Clarksburg
26320,Tyler,Alma
26321,Lewis,Alum Bridge
26323,Harrison,Anmoore
26325,Ritchie,Auburn
26327,Ritchie,Berea
26330,Harrison,Bridgeport
26335,Braxton,Burnsville
26337,Ritchie,Cairo
26338,Lewis,Camden
26339,Doddridge,Center Point
26342,Gilmer,Coxs Mills
26343,Lewis,Crawford
26346,Ritchie,Ellenboro
26347,Taylor,Flemington
26348,Wetzel,Folsom
26349,Barbour,Galloway
26351,Gilmer,Glenville
26354,Taylor,Grafton
26361,Harrison,Gypsy
26362,Ritchie,Harrisville
26366,Harrison,Haywood
26369,Harrison,Hepzibah
26372,Lewis,Horner
26374,Preston,Independence
26376,Lewis,Ireland
26377,Wetzel,Jacksonburg
26378,Lewis,Jane Lew
26384,Gilmer,Linn
26385,Harrison,Lost Creek
26386,Harrison,Lumberport
26404,Harrison,Meadowbrook
26405,Barbour,Moatsville
26408,Harrison,Mount Clare
26410,Preston,Newburg
26411,Doddridge,New Milton
26412,Lewis,Orlando
26415,Ritchie,Pennsboro
26416,Barbour,Philippi
26419,Wetzel,Pine Grove
26421,Ritchie,Pullman
26422,Harrison,Reynoldsville
26424,Taylor,Rosemont
26425,Preston,Rowlesburg
26426,Harrison,Salem
26430,Gilmer,Sand Fork
26431,Harrison,Shinnston
26434,Tyler,Shirley
26435,Taylor,Simpson
26436,Doddridge,Smithburg
26437,Wetzel,Smithfield
26438,Harrison,Spelter
26440,Taylor,Thornton
26443,Gilmer,Troy
26444,Preston,Tunnelton
26447,Lewis,Walkersville
26448,Harrison,Wallace
26451,Harrison,West Milford
26452,Lewis,Weston
26456,Doddridge,West Union
26461,Harrison,Wilsonburg
26463,Harrison,Wyatt
26501,Monongalia,Morgantown
26502,Monongalia,Morgantown
26504,Monongalia,Morgantown
26505,Monongalia,Morgantown
26506,Monongalia,Morgantown
26507,Monongalia,Morgantown
26508,Monongalia,Morgantown
26519,Preston,Albright
26520,Preston,Arthurdale
26521,Monongalia,Blacksville
26524,Preston,Bretz
26525,Preston,Bruceton Mills
26527,Monongalia,Cassville
26531,Monongalia,Dellslow
26534,Monongalia,Granville
26537,Preston,Kingwood
26541,Monongalia,Maidsville
26542,Preston,Masontown
26543,Monongalia,Osage
26544,Monongalia,Pentress
26546,Monongalia,Pursglove
26547,Preston,Reedsville
26554,Marion,Fairmont
26555,Marion,Fairmont
26559,Marion,Barrackville
26560,Marion,Baxter
26561,Wetzel,Big Run
26562,Wetzel,Burton
26563,Marion,Carolina
26566,Marion,Colfax
26568,Harrison,Enterprise
26570,Marion,Fairview
26571,Marion,Farmington
26572,Marion,Four States
26574,Marion,Grant Town
26575,Wetzel,Hundred
26576,Marion,Idamay
26578,Marion,Kingmont
26581,Wetzel,Littleton
26582,Marion,Mannington
26585,Marion,Metz
26586,Marion,Montana Mines
26587,Marion,Rachel
26588,Marion,Rivesville
26590,Monongalia,Wana
26591,Marion,Worthington
26601,Braxton,Sutton
26610,Nicholas,Birch River
26611,Gilmer,Cedarville
26615,Braxton,Copen
26617,Clay,Dille
26619,Braxton,Exchange
26621,Braxton,Flatwoods
26623,Braxton,Frametown
26624,Braxton,Gassaway
26627,Braxton,Heaters
26629,Braxton,Little Birch
26631,Braxton,Napier
26636,Gilmer,Rosedale
26638,Gilmer,Shock
26651,Nicholas,Summersville
26656,Nicholas,Belva
26660,Nicholas,Calvin
26662,Nicholas,Canvas
26667,Nicholas,Drennen
26671,Nicholas,Gilboa
26675,Nicholas,Keslers Cross Lanes
26676,Nicholas,Leivasy
26678,Nicholas,Mount Lookout
26679,Nicholas,Mount Nebo
26680,Fayette,Nallen
26681,Nicholas,Nettie
26684,Nicholas,Pool
26690,Nicholas,Swiss
26691,Nicholas,Tioga
26704,Hampshire,Augusta
26705,Preston,Aurora
26707,Grant,Bayard
26710,Mineral,Burlington
26711,Hampshire,Capon Bridge
26714,Hampshire,Delray
26716,Preston,Eglon
26717,Mineral,Elk Garden
26719,Mineral,Fort Ashby
26720,Grant,Gormania
26722,Hampshire,Green Spring
26726,Mineral,Keyser
26731,Grant,Lahmansville
26739,Grant,Mount Storm
26743,Mineral,New Creek
26750,Mineral,Piedmont
26753,Mineral,Ridgeley
26755,Hampshire,Rio
26757,Hampshire,Romney
26761,Hampshire,Shanks
26763,Hampshire,Springfield
26764,Preston,Terra Alta
26767,Mineral,Wiley Ford
26801,Hardy,Baker
26802,Pendleton,Brandywine
26804,Pendleton,Circleville
26807,Pendleton,Franklin
26808,Hampshire,High View
26810,Hardy,Lost city
26812,Hardy,Mathias
26814,Pendleton,Riverton
26815,Pendleton,Sugar Grove
26817,Hampshire,Bloomery
26818,Hardy,Fisher
26823,Hampshire,Capon Springs
26833,Grant,Maysville
26836,Hardy,Moorefield
26838,Hardy,Milam
26845,Hardy,Old Fields
26847,Grant,Petersburg
26851,Hardy,Wardensville
26852,Hampshire,Purgitsville
26855,Grant,Cabins
26865,Hampshire,Yellow Spring
26866,Pendleton,Upper Tract
26884,Pendleton,Seneca Rocks
26886,Pendleton,Onego